9200000,石川県,金沢市,
9200001,石川県,金沢市,千木町
9200002,石川県,金沢市,千木
9200003,石川県,金沢市,疋田
9200004,石川県,金沢市,疋田町
9200005,石川県,金沢市,高柳町
9200006,石川県,金沢市,宮保町
9200007,石川県,金沢市,田中町
9200008,石川県,金沢市,今昭町
9200011,石川県,金沢市,松寺町
9200012,石川県,金沢市,磯部町
9200013,石川県,金沢市,沖町
9200014,石川県,金沢市,諸江町
9200015,石川県,金沢市,諸江町
9200016,石川県,金沢市,諸江町
9200017,石川県,金沢市,諸江町
9200018,石川県,金沢市,三口町
9200021,石川県,金沢市,七ツ屋町
9200022,石川県,金沢市,北安江
9200023,石川県,金沢市,北安江町
9200024,石川県,金沢市,西念
9200025,石川県,金沢市,駅西本町
9200026,石川県,金沢市,西念町
9200027,石川県,金沢市,駅西新町
9200031,石川県,金沢市,広岡
9200032,石川県,金沢市,広岡町
9200033,石川県,金沢市,日吉町
9200034,石川県,金沢市,醒ケ井町
9200035,石川県,金沢市,中橋町
9200036,石川県,金沢市,元菊町
9200041,石川県,金沢市,長田本町
9200042,石川県,金沢市,長田町
9200043,石川県,金沢市,長田
9200044,石川県,金沢市,南広岡町
9200045,石川県,金沢市,向中町
9200046,石川県,金沢市,大和町
9200047,石川県,金沢市,大豆田本町
9200051,石川県,金沢市,二口町
9200052,石川県,金沢市,薬師堂町
9200053,石川県,金沢市,若宮町
9200054,石川県,金沢市,若宮
9200055,石川県,金沢市,北町
9200056,石川県,金沢市,出雲町
9200057,石川県,金沢市,桜田町
9200058,石川県,金沢市,示野中町
9200059,石川県,金沢市,示野町
9200061,石川県,金沢市,問屋町
9200062,石川県,金沢市,割出町
9200063,石川県,金沢市,三浦町
9200064,石川県,金沢市,南新保町
9200065,石川県,金沢市,二ツ屋町
9200067,石川県,金沢市,二宮町
9200068,石川県,金沢市,戸板
9200069,石川県,金沢市,戸板西
9200101,石川県,金沢市,利屋町
9200102,石川県,金沢市,岸川町
9200103,石川県,金沢市,花園八幡町
9200104,石川県,金沢市,四坊町
9200104,石川県,金沢市,四坊高坂町
9200105,石川県,金沢市,月影町
9200106,石川県,金沢市,今町
9200107,石川県,金沢市,二日市町
9200111,石川県,金沢市,浅丘町
9200112,石川県,金沢市,榎尾町
9200113,石川県,金沢市,俵原町
9200114,石川県,金沢市,加賀朝日町
9200115,石川県,金沢市,千杉町
9200116,石川県,金沢市,地代町
9200121,石川県,金沢市,琴町
9200122,石川県,金沢市,上平町
9200123,石川県,金沢市,滝下町
9200124,石川県,金沢市,中尾町
9200125,石川県,金沢市,今泉町
9200126,石川県,金沢市,朝日牧町
9200127,石川県,金沢市,南千谷町
9200128,石川県,金沢市,北千石町
9200129,石川県,金沢市,琴坂町
9200131,石川県,金沢市,東原町
9200132,石川県,金沢市,清水谷町
9200133,石川県,金沢市,堀切町
9200134,石川県,金沢市,曲子原町
9200135,石川県,金沢市,土子原町
9200136,石川県,金沢市,松根町
9200137,石川県,金沢市,竹又町
9200141,石川県,金沢市,直江野町
9200142,石川県,金沢市,納年町
9200143,石川県,金沢市,北方町
9200144,石川県,金沢市,小嶺町
9200145,石川県,金沢市,市瀬町
9200146,石川県,金沢市,柚木町
9200147,石川県,金沢市,不室町
9200148,石川県,金沢市,牧山町
9200151,石川県,金沢市,梨木町
9200152,石川県,金沢市,鳴瀬元町
9200153,石川県,金沢市,宮野町
9200154,石川県,金沢市,正部町
9200155,石川県,金沢市,高坂町
9200156,石川県,金沢市,古屋谷町
9200157,石川県,金沢市,車町
9200161,石川県,金沢市,鞁筒町
9200162,石川県,金沢市,小池町
9200163,石川県,金沢市,桐山町
9200164,石川県,金沢市,堅田町
9200165,石川県,金沢市,深谷町
9200166,石川県,金沢市,四王寺町
9200167,石川県,金沢市,福畠町
9200168,石川県,金沢市,小野町
9200171,石川県,金沢市,岩出町
9200172,石川県,金沢市,河原市町
9200173,石川県,金沢市,不動寺町
9200174,石川県,金沢市,薬師町
9200175,石川県,金沢市,上涌波町
9200176,石川県,金沢市,下涌波町
9200177,石川県,金沢市,北陽台
9200178,石川県,金沢市,月浦町
9200192,石川県,金沢市,岩出町ニ７３
9200200,石川県,河北郡内灘町,
9200201,石川県,金沢市,みずき
9200201,石川県,金沢市,木越町
9200202,石川県,金沢市,木越
9200203,石川県,金沢市,木越町
9200204,石川県,金沢市,千田町
9200205,石川県,金沢市,大浦町
9200206,石川県,金沢市,北寺町
9200207,石川県,金沢市,須崎町
9200208,石川県,金沢市,蚊爪町
9200209,石川県,金沢市,東蚊爪町
9200210,石川県,金沢市,大河端西
9200211,石川県,金沢市,湊
9200212,石川県,金沢市,北間町
9200213,石川県,金沢市,大河端町
9200214,石川県,金沢市,三ツ屋町
9200215,石川県,金沢市,弓取町
9200219,石川県,金沢市,かたつ
9200223,石川県,金沢市,戸水町
9200224,石川県,金沢市,五郎島町
9200225,石川県,金沢市,大野町新町
9200226,石川県,金沢市,粟崎町
9200227,石川県,金沢市,粟崎浜町
9200231,石川県,金沢市,大野町
9200261,石川県,河北郡内灘町,室
9200262,石川県,河北郡内灘町,西荒屋
9200263,石川県,河北郡内灘町,湖西
9200264,石川県,河北郡内灘町,宮坂
9200265,石川県,河北郡内灘町,大学
9200266,石川県,河北郡内灘町,大根布
9200267,石川県,河北郡内灘町,大清台
9200268,石川県,河北郡内灘町,ハマナス
9200269,石川県,河北郡内灘町,白帆台
9200271,石川県,河北郡内灘町,鶴ケ丘
9200272,石川県,河北郡内灘町,向陽台
9200273,石川県,河北郡内灘町,アカシア
9200274,石川県,河北郡内灘町,向粟崎
9200275,石川県,河北郡内灘町,旭ケ丘
9200276,石川県,河北郡内灘町,緑台
9200277,石川県,河北郡内灘町,千鳥台
9200292,石川県,河北郡内灘町,字大学１丁目２番地１
9200293,石川県,河北郡内灘町,字大学１丁目１
9200295,石川県,金沢市,大浦町ハ５５
9200316,石川県,金沢市,金石通町
9200317,石川県,金沢市,金石下本町
9200318,石川県,金沢市,金石味噌屋町
9200331,石川県,金沢市,大野町
9200332,石川県,金沢市,無量寺町
9200333,石川県,金沢市,無量寺
9200334,石川県,金沢市,桂町
9200335,石川県,金沢市,金石東
9200336,石川県,金沢市,金石本町
9200337,石川県,金沢市,金石西
9200338,石川県,金沢市,金石北
9200339,石川県,金沢市,木曳野
9200341,石川県,金沢市,寺中町
9200342,石川県,金沢市,畝田町
9200342,石川県,金沢市,畝田西
9200343,石川県,金沢市,畝田中
9200344,石川県,金沢市,畝田東
9200345,石川県,金沢市,藤江北
9200346,石川県,金沢市,藤江南
9200347,石川県,金沢市,松村町
9200348,石川県,金沢市,松村
9200351,石川県,金沢市,普正寺町
9200352,石川県,金沢市,観音堂町
9200353,石川県,金沢市,赤土町
9200354,石川県,金沢市,二ツ寺町
9200355,石川県,金沢市,稚日野町
9200356,石川県,金沢市,専光寺町
9200357,石川県,金沢市,佐奇森町
9200361,石川県,金沢市,袋畠町
9200362,石川県,金沢市,古府
9200362,石川県,金沢市,古府町
9200362,石川県,金沢市,古府町
9200363,石川県,金沢市,古府町
9200364,石川県,金沢市,松島
9200364,石川県,金沢市,松島町
9200365,石川県,金沢市,神野町
9200366,石川県,金沢市,南塚町
9200367,石川県,金沢市,北塚町
9200368,石川県,金沢市,神野
9200370,石川県,金沢市,上安原
9200371,石川県,金沢市,下安原町
9200372,石川県,金沢市,豊穂町
9200373,石川県,金沢市,みどり
9200374,石川県,金沢市,上安原南
9200374,石川県,金沢市,上安原町
9200375,石川県,金沢市,中屋町
9200376,石川県,金沢市,福増町
9200377,石川県,金沢市,打木町
9200378,石川県,金沢市,いなほ
9200379,石川県,金沢市,中屋南
9200381,石川県,金沢市,中屋
9200381,石川県,金沢市,古府３丁目１２
9200383,石川県,金沢市,古府１丁目２２０
9200385,石川県,金沢市,松島１丁目４０
9200386,石川県,金沢市,古府２丁目１３６
9200387,石川県,金沢市,観音堂町チ１８
9200388,石川県,金沢市,観音堂町チ１８
9200392,石川県,金沢市,無量寺町ハ１
9200393,石川県,金沢市,松島１丁目３２−２
9200395,石川県,金沢市,神野町東２０２
9200396,石川県,金沢市,金石北３丁目１６−１０（新金沢郵便局私書箱第２号）
9200398,石川県,金沢市,無量寺町ハ６−１
9200801,石川県,金沢市,神谷内町
9200802,石川県,金沢市,三池町
9200803,石川県,金沢市,神宮寺町
9200804,石川県,金沢市,鳴和
9200805,石川県,金沢市,小金町
9200806,石川県,金沢市,神宮寺
9200807,石川県,金沢市,乙丸町
9200808,石川県,金沢市,三池新町
9200809,石川県,金沢市,三池栄町
9200811,石川県,金沢市,小坂町
9200812,石川県,金沢市,南御所町
9200813,石川県,金沢市,御所町
9200814,石川県,金沢市,鳴和町
9200815,石川県,金沢市,鳴和台
9200816,石川県,金沢市,山の上町
9200817,石川県,金沢市,春日町
9200818,石川県,金沢市,大樋町
9200821,石川県,金沢市,山王町
9200822,石川県,金沢市,東長江町
9200823,石川県,金沢市,夕日寺町
9200824,石川県,金沢市,伝燈寺町
9200825,石川県,金沢市,釣部町
9200826,石川県,金沢市,小二又町
9200827,石川県,金沢市,牧町
9200831,石川県,金沢市,東山
9200832,石川県,金沢市,卯辰町
9200833,石川県,金沢市,末広町
9200834,石川県,金沢市,常盤町
9200835,石川県,金沢市,東御影町
9200836,石川県,金沢市,子来町
9200837,石川県,金沢市,鶯町
9200838,石川県,金沢市,観音町
9200841,石川県,金沢市,浅野本町
9200842,石川県,金沢市,元町
9200843,石川県,金沢市,森山
9200844,石川県,金沢市,小橋町
9200845,石川県,金沢市,瓢箪町
9200846,石川県,金沢市,昌永町
9200847,石川県,金沢市,堀川町
9200848,石川県,金沢市,京町
9200849,石川県,金沢市,堀川新町
9200851,石川県,金沢市,笠市町
9200852,石川県,金沢市,此花町
9200853,石川県,金沢市,本町
9200854,石川県,金沢市,安江町
9200855,石川県,金沢市,武蔵町
9200856,石川県,金沢市,昭和町
9200857,石川県,金沢市,折違町
9200858,石川県,金沢市,木ノ新保町
9200861,石川県,金沢市,三社町
9200862,石川県,金沢市,芳斉
9200863,石川県,金沢市,玉川町
9200864,石川県,金沢市,高岡町
9200865,石川県,金沢市,長町
9200866,石川県,金沢市,中央通町
9200867,石川県,金沢市,長土塀
9200868,石川県,金沢市,六枚町
9200869,石川県,金沢市,上堤町
9200901,石川県,金沢市,彦三町
9200902,石川県,金沢市,尾張町
9200903,石川県,金沢市,博労町
9200904,石川県,金沢市,下近江町
9200905,石川県,金沢市,上近江町
9200906,石川県,金沢市,十間町
9200907,石川県,金沢市,青草町
9200908,石川県,金沢市,主計町
9200909,石川県,金沢市,袋町
9200910,石川県,金沢市,下新町
9200911,石川県,金沢市,橋場町
9200912,石川県,金沢市,大手町
9200913,石川県,金沢市,西町三番丁
9200914,石川県,金沢市,西町四番丁
9200915,石川県,金沢市,西町藪ノ内通
9200916,石川県,金沢市,下松原町
9200917,石川県,金沢市,下堤町
9200918,石川県,金沢市,尾山町
9200919,石川県,金沢市,南町
9200921,石川県,金沢市,材木町
9200922,石川県,金沢市,横山町
9200923,石川県,金沢市,桜町
9200924,石川県,金沢市,田井町
9200925,石川県,金沢市,天神町
9200926,石川県,金沢市,暁町
9200927,石川県,金沢市,扇町
9200928,石川県,金沢市,並木町
9200931,石川県,金沢市,兼六元町
9200932,石川県,金沢市,小将町
9200933,石川県,金沢市,東兼六町
9200934,石川県,金沢市,宝町
9200935,石川県,金沢市,石引
9200936,石川県,金沢市,兼六町
9200937,石川県,金沢市,丸の内
9200938,石川県,金沢市,飛梅町
9200939,石川県,金沢市,下石引町
9200941,石川県,金沢市,旭町
9200942,石川県,金沢市,小立野
9200943,石川県,金沢市,上野本町
9200944,石川県,金沢市,三口新町
9200945,石川県,金沢市,大桑新町
9200946,石川県,金沢市,大桑町
9200947,石川県,金沢市,笠舞本町
9200951,石川県,金沢市,花里町
9200952,石川県,金沢市,錦町
9200953,石川県,金沢市,涌波
9200954,石川県,金沢市,涌波町
9200955,石川県,金沢市,土清水
9200956,石川県,金沢市,舘山町
9200957,石川県,金沢市,舘町
9200961,石川県,金沢市,香林坊
9200962,石川県,金沢市,広坂
9200963,石川県,金沢市,出羽町
9200964,石川県,金沢市,本多町
9200965,石川県,金沢市,笠舞
9200966,石川県,金沢市,城南
9200967,石川県,金沢市,菊川
9200968,石川県,金沢市,幸町
9200971,石川県,金沢市,鱗町
9200972,石川県,金沢市,杉浦町
9200973,石川県,金沢市,枝町
9200974,石川県,金沢市,川岸町
9200975,石川県,金沢市,中川除町
9200976,石川県,金沢市,十三間町
9200977,石川県,金沢市,十三間町中丁
9200978,石川県,金沢市,水溜町
9200981,石川県,金沢市,片町
9200982,石川県,金沢市,大工町
9200983,石川県,金沢市,池田町一番丁
9200984,石川県,金沢市,池田町二番丁
9200985,石川県,金沢市,池田町三番丁
9200986,石川県,金沢市,池田町四番丁
9200987,石川県,金沢市,池田町立丁
9200988,石川県,金沢市,木倉町
9200991,石川県,金沢市,下柿木畠
9200992,石川県,金沢市,上柿木畠
9200993,石川県,金沢市,下本多町
9200994,石川県,金沢市,茨木町
9200995,石川県,金沢市,新竪町
9200996,石川県,金沢市,油車
9200997,石川県,金沢市,竪町
9200998,石川県,金沢市,里見町
9200999,石川県,金沢市,柿木畠
9201101,石川県,金沢市,奥新保町
9201101,石川県,金沢市,砂子坂町
9201101,石川県,金沢市,荒山町
9201102,石川県,金沢市,二俣町
9201103,石川県,金沢市,田島町
9201104,石川県,金沢市,清水町
9201105,石川県,金沢市,戸室新保
9201106,石川県,金沢市,戸室別所
9201106,石川県,金沢市,湯谷原町
9201107,石川県,金沢市,小豆沢町
9201108,石川県,金沢市,俵町
9201109,石川県,金沢市,中山町
9201111,石川県,金沢市,大菱池町
9201111,石川県,金沢市,小菱池町
9201111,石川県,金沢市,菱池小原町
9201111,石川県,金沢市,魚帰町
9201112,石川県,金沢市,折谷町
9201113,石川県,金沢市,上山町
9201114,石川県,金沢市,古郷町
9201115,石川県,金沢市,石黒町
9201116,石川県,金沢市,板ケ谷町
9201117,石川県,金沢市,横谷町
9201118,石川県,金沢市,湯涌河内町
9201119,石川県,金沢市,湯涌曲町
9201121,石川県,金沢市,東町
9201122,石川県,金沢市,湯涌荒屋町
9201123,石川県,金沢市,湯涌町
9201124,石川県,金沢市,湯涌田子島町
9201125,石川県,金沢市,上原町
9201126,石川県,金沢市,白見町
9201127,石川県,金沢市,下谷町
9201128,石川県,金沢市,羽場町
9201129,石川県,金沢市,芝原町
9201131,石川県,金沢市,東荒屋町
9201132,石川県,金沢市,朝加屋町
9201133,石川県,金沢市,藤六町
9201134,石川県,金沢市,東市瀬町
9201135,石川県,金沢市,北袋町
9201136,石川県,金沢市,西市瀬町
9201137,石川県,金沢市,七曲町
9201138,石川県,金沢市,茅原町
9201141,石川県,金沢市,平等本町
9201142,石川県,金沢市,蓮如町
9201143,石川県,金沢市,高池町
9201144,石川県,金沢市,袋板屋町
9201145,石川県,金沢市,浅川町
9201146,石川県,金沢市,上中町
9201147,石川県,金沢市,銚子町
9201148,石川県,金沢市,金川町
9201149,石川県,金沢市,打尾町
9201151,石川県,金沢市,田上町
9201152,石川県,金沢市,田上
9201153,石川県,金沢市,田上新町
9201154,石川県,金沢市,太陽が丘
9201155,石川県,金沢市,田上本町
9201156,石川県,金沢市,田上の里
9201157,石川県,金沢市,田上さくら
9201158,石川県,金沢市,朝霧台
9201161,石川県,金沢市,鈴見台
9201162,石川県,金沢市,鈴見町
9201163,石川県,金沢市,角間新町
9201164,石川県,金沢市,角間町
9201165,石川県,金沢市,若松町
9201166,石川県,金沢市,上若松町
9201167,石川県,金沢市,もりの里
9201180,石川県,金沢市,太陽が丘１丁目１
9201181,石川県,金沢市,金川町ホ３
9201182,石川県,金沢市,田上町公１
9201184,石川県,金沢市,もりの里１丁目７０
9201185,石川県,金沢市,田上本町カ４５−１
9201192,石川県,金沢市,角間町１
9201301,石川県,金沢市,永安町
9201302,石川県,金沢市,末町
9201303,石川県,金沢市,辰巳町
9201304,石川県,金沢市,上辰巳町
9201311,石川県,金沢市,菅池町
9201312,石川県,金沢市,瀬領町
9201313,石川県,金沢市,駒帰町
9201314,石川県,金沢市,娚杉町
9201315,石川県,金沢市,寺津町
9201316,石川県,金沢市,二又新町
9201321,石川県,金沢市,水淵町
9201322,石川県,金沢市,相合谷町
9201323,石川県,金沢市,下鴛原町
9201324,石川県,金沢市,鴛原町
9201325,石川県,金沢市,城力町
9201326,石川県,金沢市,熊走町
9201331,石川県,金沢市,天池町
9201332,石川県,金沢市,樫見町
9201333,石川県,金沢市,国見町
9201334,石川県,金沢市,平町
9201335,石川県,金沢市,大平沢町
9201336,石川県,金沢市,中戸町
9201337,石川県,金沢市,山川町
9201341,石川県,金沢市,別所町
9201342,石川県,金沢市,蓮花町
9201343,石川県,金沢市,小原町
9201344,石川県,金沢市,住吉町
9201345,石川県,金沢市,新保町
9201346,石川県,金沢市,三小牛町
9201392,石川県,金沢市,末町１０−５−１
9201393,石川県,金沢市,末町１０
9201396,石川県,金沢市,三小牛町イ１１
9201397,石川県,金沢市,末町ニ１８
9202101,石川県,白山市,曽谷町
9202102,石川県,白山市,坂尻町
9202103,石川県,白山市,小柳町
9202104,石川県,白山市,月橋町
9202111,石川県,白山市,鶴来朝日町
9202112,石川県,白山市,鶴来日吉町
9202113,石川県,白山市,八幡町
9202114,石川県,白山市,三宮町
9202115,石川県,白山市,白山町
9202116,石川県,白山市,中島町
9202121,石川県,白山市,鶴来本町
9202122,石川県,白山市,鶴来知守町
9202123,石川県,白山市,鶴来日詰町
9202124,石川県,白山市,鶴来清沢町
9202125,石川県,白山市,鶴来今町
9202126,石川県,白山市,鶴来新町
9202127,石川県,白山市,鶴来上東町
9202128,石川県,白山市,鶴来下東町
9202129,石川県,白山市,鶴来古町
9202131,石川県,白山市,森島町
9202132,石川県,白山市,明島町
9202133,石川県,白山市,鶴来大国町
9202134,石川県,白山市,鶴来水戸町
9202141,石川県,白山市,安養寺町
9202142,石川県,白山市,深瀬新町
9202143,石川県,白山市,七原町
9202144,石川県,白山市,大竹町
9202145,石川県,白山市,明法島町
9202146,石川県,白山市,日向町
9202147,石川県,白山市,中ノ郷町
9202148,石川県,白山市,行町
9202151,石川県,白山市,荒屋町
9202152,石川県,白山市,明光
9202153,石川県,白山市,日御子町
9202154,石川県,白山市,井口町
9202155,石川県,白山市,知気寺町
9202161,石川県,白山市,熱野町
9202162,石川県,白山市,道法寺町
9202163,石川県,白山市,柴木町
9202164,石川県,白山市,柴木
9202165,石川県,白山市,富光寺町
9202166,石川県,白山市,鶴来桑島町
9202167,石川県,白山市,部入道町
9202168,石川県,白山市,陽羽里
9202192,石川県,白山市,鶴来本町４丁目ヌ８５
9202195,石川県,白山市,熱野町ロ１５番地
9202196,石川県,白山市,部入道町ホ１４−３
9202301,石川県,白山市,河内町口直海
9202302,石川県,白山市,河内町ふじが丘
9202303,石川県,白山市,河内町福岡
9202304,石川県,白山市,河内町きりの里
9202305,石川県,白山市,河内町江津
9202306,石川県,白山市,河内町吉岡
9202311,石川県,白山市,河内町中直海
9202312,石川県,白山市,河内町奥池
9202313,石川県,白山市,河内町久保
9202314,石川県,白山市,河内町吹上
9202315,石川県,白山市,河内町板尾
9202316,石川県,白山市,河内町金間
9202317,石川県,白山市,河内町下折
9202318,石川県,白山市,河内町内尾
9202321,石川県,白山市,吉野
9202322,石川県,白山市,佐良
9202323,石川県,白山市,瀬波
9202324,石川県,白山市,中宮
9202325,石川県,白山市,木滑新
9202326,石川県,白山市,木滑
9202327,石川県,白山市,市原
9202331,石川県,白山市,瀬戸
9202332,石川県,白山市,荒谷
9202333,石川県,白山市,尾添
9202334,石川県,白山市,深瀬
9202335,石川県,白山市,女原
9202336,石川県,白山市,東二口
9202337,石川県,白山市,五味島
9202338,石川県,白山市,釜谷
9202339,石川県,白山市,鴇ケ谷
9202341,石川県,白山市,釜清水町
9202342,石川県,白山市,下吉谷町
9202343,石川県,白山市,西佐良町
9202344,石川県,白山市,上吉谷町
9202345,石川県,白山市,三ツ屋野町
9202346,石川県,白山市,河原山町
9202347,石川県,白山市,仏師ケ野町
9202351,石川県,白山市,柳原町
9202352,石川県,白山市,野地町
9202353,石川県,白山市,左礫町
9202354,石川県,白山市,三ツ瀬町
9202355,石川県,白山市,数瀬町
9202356,石川県,白山市,阿手町
9202357,石川県,白山市,五十谷町
9202361,石川県,白山市,三坂町
9202362,石川県,白山市,別宮町
9202363,石川県,白山市,別宮出町
9202364,石川県,白山市,杉森町
9202365,石川県,白山市,神子清水町
9202366,石川県,白山市,渡津町
9202367,石川県,白山市,相滝町
9202368,石川県,白山市,出合町
9202371,石川県,白山市,広瀬町
9202372,石川県,白山市,瀬木野町
9202373,石川県,白山市,河合町
9202374,石川県,白山市,下野町
9202375,石川県,白山市,上野町
9202376,石川県,白山市,若原町
9202392,石川県,白山市,河内町福岡７７
9202393,石川県,白山市,別宮町ロ１７０番地
9202394,石川県,白山市,佐良ニ１３６
9202395,石川県,白山市,瀬戸午１０番地
9202501,石川県,白山市,白峰
9202502,石川県,白山市,桑島
9202503,石川県,白山市,下田原
9203101,石川県,金沢市,才田町
9203102,石川県,金沢市,忠縄町
9203103,石川県,金沢市,湖陽
9203104,石川県,金沢市,八田町東
9203105,石川県,金沢市,八田町西
9203106,石川県,金沢市,八田町
9203107,石川県,金沢市,湖南町
9203111,石川県,金沢市,梅田町
9203112,石川県,金沢市,観法寺町
9203113,石川県,金沢市,塚崎町
9203114,石川県,金沢市,吉原町
9203115,石川県,金沢市,弥勒町
9203116,石川県,金沢市,南森本町
9203117,石川県,金沢市,北森本町
9203121,石川県,金沢市,大場町
9203122,石川県,金沢市,福久町
9203123,石川県,金沢市,福久東
9203124,石川県,金沢市,荒屋
9203125,石川県,金沢市,荒屋町
9203126,石川県,金沢市,福久
9203131,石川県,金沢市,百坂町
9203132,石川県,金沢市,法光寺町
9203133,石川県,金沢市,柳橋町
9203134,石川県,金沢市,金市町
9203135,石川県,金沢市,横枕町
9203198,石川県,金沢市,才田町戊２９５−１
9208201,石川県,金沢市,鞍月東
9208202,石川県,金沢市,西都
9208203,石川県,金沢市,鞍月
9208204,石川県,金沢市,戸水
9208205,石川県,金沢市,大友
9208213,石川県,金沢市,直江東
9208214,石川県,金沢市,直江南
9208215,石川県,金沢市,直江西
9208216,石川県,金沢市,直江町
9208217,石川県,金沢市,近岡町
9208218,石川県,金沢市,直江北
9208221,石川県,金沢市,御供田町
9208222,石川県,金沢市,大友町
9208501,石川県,金沢市,中橋町１１−１８
9208502,石川県,金沢市,問屋町２丁目８４
9208503,石川県,金沢市,問屋町２丁目８０
9208504,石川県,金沢市,問屋町２丁目６０
9208505,石川県,金沢市,西念３丁目４−１
9208506,石川県,金沢市,昭和町１６番１号
9208507,石川県,金沢市,西念３丁目１−１１
9208508,石川県,金沢市,割出町５５６
9208509,石川県,金沢市,広坂１丁目２番１号
9208510,石川県,金沢市,問屋町１丁目１１０
9208511,石川県,金沢市,大手町１５番４０号
9208512,石川県,金沢市,桜田町３−１０
9208513,石川県,金沢市,桜田町２−８４
9208515,石川県,金沢市,問屋町１丁目６５番地
9208516,石川県,金沢市,堀川新町３番１号
9208517,石川県,金沢市,元菊町１６−１５
9208518,石川県,金沢市,昭和町１６−３
9208520,石川県,金沢市,北安江２丁目２４−１０
9208521,石川県,金沢市,諸江町上丁３０−１
9208522,石川県,金沢市,西都２丁目４番地
9208525,石川県,金沢市,若宮町ホ３６
9208530,石川県,金沢市,鞍月東２丁目１番地
9208531,石川県,金沢市,西念４丁目７−１
9208533,石川県,金沢市,西念３丁目４−２５
9208535,石川県,金沢市,北安江３丁目１−３３
9208536,石川県,金沢市,広岡３丁目１−１
9208537,石川県,金沢市,問屋町１丁目３６
9208538,石川県,金沢市,広岡２丁目１−２７
9208539,石川県,金沢市,問屋町２丁目４６
9208540,石川県,金沢市,西念１丁目２−２６
9208541,石川県,金沢市,大和町１−５
9208543,石川県,金沢市,問屋町１丁目１１
9208544,石川県,金沢市,西念１丁目１２−２２
9208550,石川県,金沢市,香林坊１丁目１−１
9208551,石川県,金沢市,長町１丁目５−３０
9208552,石川県,金沢市,芳斉２丁目１５−１８
9208553,石川県,金沢市,鞍月１丁目１番地
9208554,石川県,金沢市,高岡町３番２０号
9208555,石川県,金沢市,幸町１２−１
9208556,石川県,金沢市,本多町３丁目２番１号
9208557,石川県,金沢市,本多町３丁目１−１０
9208558,石川県,金沢市,香林坊１丁目２−２１
9208560,石川県,金沢市,本多町３丁目２−１
9208563,石川県,金沢市,飛梅町１番１０号
9208565,石川県,金沢市,片町２丁目２１−３５
9208566,石川県,金沢市,広坂２丁目２−６０
9208567,石川県,金沢市,玉川町５−３６
9208568,石川県,金沢市,中央通町１−２２
9208570,石川県,金沢市,玉川町５−１５
9208573,石川県,金沢市,駅西本町２丁目１２番３０号
9208575,石川県,金沢市,鞍月１丁目１番地
9208577,石川県,金沢市,広坂１丁目１−１
9208580,石川県,金沢市,鞍月１丁目１番地
9208583,石川県,金沢市,武蔵町１５−１
9208585,石川県,金沢市,幸町１２−１
9208586,石川県,金沢市,広坂２丁目２−６０
9208587,石川県,金沢市,本町２丁目１５−１
9208588,石川県,金沢市,香林坊２丁目５−１
9208601,石川県,金沢市,浅野本町ロ１０４
9208602,石川県,金沢市,此花町６−１０
9208605,石川県,金沢市,彦三町２丁目１−４５
9208606,石川県,金沢市,浅野本町２丁目１８−４０
9208607,石川県,金沢市,神宮寺３丁目１−５
9208609,石川県,金沢市,鳴和１丁目１８−４２
9208610,石川県,金沢市,沖町ハ１５
9208611,石川県,金沢市,浅野本町１丁目１０−１０
9208612,石川県,金沢市,鳴和１丁目１−１０
9208613,石川県,金沢市,示野中町７９街区１
9208614,石川県,金沢市,直江町イ２７番地
9208615,石川県,金沢市,柳橋町ハ３２番地１
9208616,石川県,金沢市,京町２０−３
9208619,石川県,金沢市,彦三町１丁目１番１号
9208620,石川県,金沢市,御所町丑１０番地１
9208621,石川県,金沢市,小坂町中８３
9208622,石川県,金沢市,小金町３−３１
9208623,石川県,金沢市,浅野本町ロ１２４
9208625,石川県,金沢市,京町２５−１５
9208626,石川県,金沢市,広岡３丁目１−１金沢パークビル８階
9208628,石川県,金沢市,問屋町１−３２
9208630,石川県,金沢市,大手町１２−８
9208631,石川県,金沢市,尾山町６−２５
9208632,石川県,金沢市,上堤町１−１８
9208633,石川県,金沢市,南町５−２０
9208637,石川県,金沢市,広岡３丁目１−１
9208638,石川県,金沢市,石引２丁目８−３
9208639,石川県,金沢市,尾山町９−１３
9208640,石川県,金沢市,宝町１３−１
9208641,石川県,金沢市,宝町１３−１
9208642,石川県,金沢市,高岡町２−３７
9208644,石川県,金沢市,広岡３丁目２−１０
9208648,石川県,金沢市,西念４丁目２３番５号
9208650,石川県,金沢市,下石引町１−１
9208654,石川県,金沢市,石引４丁目３−５
9208655,石川県,金沢市,丸の内７番１号
9208655,石川県,金沢市,丸の内７番１号
9208655,石川県,金沢市,丸の内７番１号
9208655,石川県,金沢市,丸の内７番１号
9208655,石川県,金沢市,丸の内７番１号
9208656,石川県,金沢市,小立野５丁目１１−１
9208657,石川県,金沢市,直江町イ１２番地
9208658,石川県,金沢市,直江町イ１２番地
9208660,石川県,金沢市,鞍月東２丁目４８番地
9208661,石川県,金沢市,本町１丁目５−２リファーレ１０階
9208665,石川県,金沢市,兼六元町３−７８
9208666,石川県,金沢市,広岡３丁目１番１号
9208670,石川県,金沢市,広岡２丁目１２番６号（金沢中央郵便局私書箱第２９号）
9208671,石川県,金沢市,本多町３丁目１−２５（金沢中央郵便局私書箱第８６号）
9208674,石川県,金沢市,玉川町１１−１８（金沢中央郵便局私書箱第４０号）
9208676,石川県,金沢市,昭和町１６番１号
9208677,石川県,金沢市,広岡１−４−１６
9208678,石川県,金沢市,香林坊２丁目３−２８（金沢中央郵便局私書箱第２０号）
9208681,石川県,金沢市,大豆田本町甲５８（金沢中央郵便局私書箱第１０号）
9208685,石川県,金沢市,玉川町１−５（金沢中央郵便局私書箱第１１８号）
9208686,石川県,金沢市,尾山町２−２２（金沢中央郵便局私書箱第８８号）
9208688,石川県,金沢市,高岡町１−５０
9208701,石川県,金沢市,高岡町３−２８（金沢中央郵便局私書箱第９８号）
9208707,石川県,金沢市,広岡１丁目１−１８
9208710,石川県,金沢市,香林坊１丁目３−８（金沢中央郵便局私書箱第６９号）
9208711,石川県,金沢市,示野町イ６（金沢中央郵便局私書箱第３０号）
9208718,石川県,金沢市,上堤町１番１８号（金沢中央郵便局私書箱第５号）
9208719,石川県,金沢市,西念４丁目７−１（金沢中央郵便局私書箱第１００号）
9208720,石川県,金沢市,三社町３番１５号（金沢中央郵便局私書箱第６５号）
9208721,石川県,金沢市,広岡２丁目１３番５号ＭＨＭ金沢ビル２階
9208728,石川県,金沢市,彦三町１丁目１３番４３号（金沢中央郵便局私書箱第１０２号）
9208729,石川県,金沢市,尾張町１丁目４番１５号（金沢中央郵便局私書箱第１０７号）
9208730,石川県,金沢市,上堤町３−２１（金沢中央郵便局私書箱第８０号）
9208767,石川県,金沢市,南町４番５５号住友生命金沢ビル９階
9208777,石川県,金沢市,博労町６８岡田ビル４Ｆ
9208777,石川県,金沢市,博労町６８岡田ビル４Ｆ
9208793,石川県,金沢市,上堤町１−１５
9208794,石川県,金沢市,尾山町１０−２
9208795,石川県,金沢市,広坂２丁目２−６０
9208796,石川県,金沢市,上堤町１−１５
9208797,石川県,金沢市,上堤町１−１５
9208797,石川県,金沢市,上堤町１−１５
9208797,石川県,金沢市,上堤町１−１５
9210000,石川県,野々市市,
9218001,石川県,金沢市,高畠
9218002,石川県,金沢市,玉鉾
9218003,石川県,金沢市,玉鉾町
9218004,石川県,金沢市,米丸町
9218005,石川県,金沢市,間明町
9218006,石川県,金沢市,進和町
9218011,石川県,金沢市,入江
9218012,石川県,金沢市,本江町
9218013,石川県,金沢市,新神田
9218014,石川県,金沢市,糸田
9218015,石川県,金沢市,東力
9218016,石川県,金沢市,東力町
9218021,石川県,金沢市,御影町
9218022,石川県,金沢市,中村町
9218023,石川県,金沢市,千日町
9218024,石川県,金沢市,白菊町
9218025,石川県,金沢市,増泉
9218026,石川県,金沢市,糸田新町
9218027,石川県,金沢市,神田
9218031,石川県,金沢市,野町
9218032,石川県,金沢市,清川町
9218033,石川県,金沢市,寺町
9218034,石川県,金沢市,泉野町
9218035,石川県,金沢市,泉が丘
9218036,石川県,金沢市,弥生
9218041,石川県,金沢市,泉
9218042,石川県,金沢市,泉本町
9218043,石川県,金沢市,西泉
9218044,石川県,金沢市,米泉町
9218045,石川県,金沢市,大桑
9218046,石川県,金沢市,三小牛町
9218046,石川県,金沢市,大桑町
9218047,石川県,金沢市,大豆田本町
9218051,石川県,金沢市,黒田
9218052,石川県,金沢市,保古
9218053,石川県,金沢市,保古町
9218054,石川県,金沢市,西金沢
9218055,石川県,金沢市,西金沢新町
9218056,石川県,金沢市,押野
9218061,石川県,金沢市,森戸
9218062,石川県,金沢市,新保本
9218063,石川県,金沢市,八日市出町
9218064,石川県,金沢市,八日市
9218065,石川県,金沢市,上荒屋
9218066,石川県,金沢市,矢木
9218101,石川県,金沢市,法島町
9218102,石川県,金沢市,西大桑町
9218103,石川県,金沢市,つつじが丘
9218104,石川県,金沢市,野田町
9218105,石川県,金沢市,平和町
9218106,石川県,金沢市,十一屋町
9218107,石川県,金沢市,野田
9218111,石川県,金沢市,若草町
9218112,石川県,金沢市,長坂
9218114,石川県,金沢市,長坂町
9218115,石川県,金沢市,長坂台
9218116,石川県,金沢市,泉野出町
9218117,石川県,金沢市,緑が丘
9218121,石川県,金沢市,平栗
9218122,石川県,金沢市,清瀬町
9218123,石川県,金沢市,坪野町
9218124,石川県,金沢市,倉ケ嶽
9218131,石川県,金沢市,三十苅町
9218132,石川県,金沢市,しじま台
9218133,石川県,金沢市,四十万町
9218134,石川県,金沢市,南四十万
9218135,石川県,金沢市,四十万
9218141,石川県,金沢市,馬替
9218142,石川県,金沢市,光が丘
9218143,石川県,金沢市,大額町
9218144,石川県,金沢市,額谷町
9218145,石川県,金沢市,額谷
9218146,石川県,金沢市,額乙丸町
9218147,石川県,金沢市,大額
9218148,石川県,金沢市,額新保
9218149,石川県,金沢市,額新町
9218151,石川県,金沢市,窪
9218152,石川県,金沢市,高尾
9218153,石川県,金沢市,高尾町
9218154,石川県,金沢市,高尾南
9218155,石川県,金沢市,高尾台
9218161,石川県,金沢市,有松
9218162,石川県,金沢市,三馬
9218163,石川県,金沢市,横川
9218164,石川県,金沢市,久安
9218171,石川県,金沢市,富樫
9218172,石川県,金沢市,伏見新町
9218173,石川県,金沢市,円光寺
9218174,石川県,金沢市,山科町
9218175,石川県,金沢市,山科
9218176,石川県,金沢市,円光寺本町
9218177,石川県,金沢市,伏見台
9218178,石川県,金沢市,寺地
9218501,石川県,野々市市,扇が丘７−１
9218505,石川県,金沢市,新神田４丁目３−１０
9218506,石川県,金沢市,新神田４丁目３−１０
9218507,石川県,金沢市,新神田４丁目３−１０
9218508,石川県,金沢市,新神田４丁目３−１０
9218510,石川県,野々市市,三納１丁目１番地
9218511,石川県,金沢市,入江３丁目１６０
9218512,石川県,野々市市,高橋町２４−２
9218515,石川県,金沢市,泉本町３丁目１１１
9218517,石川県,金沢市,泉野出町３丁目１０−１０
9218518,石川県,金沢市,横川４丁目１８０
9218520,石川県,金沢市,野田町１−８
9218523,石川県,金沢市,野町３丁目２−３１
9218525,石川県,金沢市,窪２丁目３−２
9218526,石川県,金沢市,御影町１０−７
9218527,石川県,金沢市,泉が丘１丁目２−１０
9218529,石川県,野々市市,粟田５丁目１００番地
9218530,石川県,金沢市,玉鉾４丁目１１１番地
9218531,石川県,金沢市,泉３丁目１−６
9218532,石川県,金沢市,新保本３丁目３
9218536,石川県,金沢市,森戸１丁目１６６
9218539,石川県,金沢市,泉本町３丁目１０２
9218541,石川県,金沢市,弥生１丁目１７−２８
9218544,石川県,野々市市,御経塚３丁目８
9218546,石川県,金沢市,御影町１９番１号
9218548,石川県,金沢市,横川７丁目２−４
9218550,石川県,金沢市,玉鉾４丁目１７
9218552,石川県,金沢市,増泉２丁目１８−１５
9218555,石川県,金沢市,増泉５丁目１−３０
9218560,石川県,金沢市,新保本４丁目９−１
9218561,石川県,金沢市,泉本町５丁目６１
9218562,石川県,金沢市,泉野出町２丁目２２−１２
9218564,石川県,野々市市,稲荷１−１
9218565,石川県,金沢市,大額町ル８
9218571,石川県,金沢市,泉３丁目６−４８
9218572,石川県,金沢市,御影町３−１
9218573,石川県,野々市市,堀内４丁目８７
9218574,石川県,金沢市,伏見台１丁目１３番２３号
9218575,石川県,野々市市,押野３丁目６１
9218576,石川県,金沢市,西泉４丁目３５番地
9218577,石川県,野々市市,扇が丘１−１
9218579,石川県,金沢市,窪４丁目４４０番地
9218580,石川県,金沢市,御影町９−２４
9218581,石川県,野々市市,上林５丁目２９−１
9218582,石川県,金沢市,新神田１丁目１２−１８
9218583,石川県,金沢市,入江３丁目１８
9218584,石川県,金沢市,神田１丁目１３−１
9218585,石川県,金沢市,玉鉾２丁目５０２番地エーブル金沢ビル５階
9218588,石川県,金沢市,進和町３２
9218589,石川県,野々市市,上林２丁目１６２番地１
9218601,石川県,金沢市,久安２丁目２７０
9218611,石川県,金沢市,増泉３丁目４−３０
9218612,石川県,金沢市,増泉２丁目７−１６グリーンヒルズビル
9218616,石川県,金沢市,西金沢４丁目５５５
9218620,石川県,金沢市,西泉２丁目１７８
9218621,石川県,金沢市,有松４丁目３−１０
9218630,石川県,金沢市,玉鉾４丁目１１１番地
9218637,石川県,金沢市,有松５丁目８−２８
9218639,石川県,金沢市,野町１丁目２−１２
9218650,石川県,金沢市,野町５丁目１８−１８（金沢南郵便局私書箱第１号）
9218798,石川県,金沢市,弥生３丁目３−３７
9218801,石川県,野々市市,御経塚
9218802,石川県,野々市市,押野
9218803,石川県,野々市市,押越
9218804,石川県,野々市市,野代
9218805,石川県,野々市市,稲荷
9218806,石川県,野々市市,三日市
9218807,石川県,野々市市,二日市町
9218808,石川県,野々市市,長池
9218809,石川県,野々市市,二日市
9218811,石川県,野々市市,高橋町
9218812,石川県,野々市市,扇が丘
9218813,石川県,野々市市,住吉町
9218814,石川県,野々市市,菅原町
9218815,石川県,野々市市,本町
9218816,石川県,野々市市,若松町
9218817,石川県,野々市市,横宮町
9218821,石川県,野々市市,白山町
9218822,石川県,野々市市,矢作
9218823,石川県,野々市市,粟田
9218824,石川県,野々市市,新庄
9218825,石川県,野々市市,三納
9218831,石川県,野々市市,下林
9218832,石川県,野々市市,藤平田
9218833,石川県,野々市市,藤平
9218834,石川県,野々市市,中林
9218835,石川県,野々市市,上林
9218836,石川県,野々市市,末松
9218837,石川県,野々市市,清金
9218841,石川県,野々市市,郷町
9218842,石川県,野々市市,徳用
9218843,石川県,野々市市,田尻町
9218844,石川県,野々市市,堀内
9218845,石川県,野々市市,太平寺
9218846,石川県,野々市市,位川
9218847,石川県,野々市市,蓮花寺町
9218848,石川県,野々市市,柳町
9218849,石川県,野々市市,郷
9220000,石川県,加賀市,
9220001,石川県,加賀市,大聖寺上木町
9220002,石川県,加賀市,大聖寺下福田町
9220003,石川県,加賀市,大聖寺荻生町
9220004,石川県,加賀市,大聖寺上福田町
9220004,石川県,加賀市,大聖寺新川町
9220004,石川県,加賀市,大聖寺朝日町
9220004,石川県,加賀市,大聖寺松島町
9220004,石川県,加賀市,大聖寺畑山町
9220004,石川県,加賀市,大聖寺畑町
9220004,石川県,加賀市,豊町
9220005,石川県,加賀市,大聖寺岡町
9220006,石川県,加賀市,大聖寺藤ノ木町
9220007,石川県,加賀市,大聖寺天神下町
9220011,石川県,加賀市,大聖寺平床
9220011,石川県,加賀市,大聖寺敷地
9220011,石川県,加賀市,大聖寺春日町
9220011,石川県,加賀市,大聖寺東敷地町
9220012,石川県,加賀市,下河崎町
9220013,石川県,加賀市,上河崎町
9220014,石川県,加賀市,中代町
9220015,石川県,加賀市,保賀町
9220021,石川県,加賀市,大聖寺新栄町
9220022,石川県,加賀市,大聖寺曙町
9220023,石川県,加賀市,大聖寺大名竹町
9220024,石川県,加賀市,大聖寺永町
9220025,石川県,加賀市,大聖寺耳聞山仲町
9220026,石川県,加賀市,大聖寺亀町
9220027,石川県,加賀市,大聖寺耳聞山町
9220028,石川県,加賀市,大聖寺麻畠町
9220031,石川県,加賀市,大聖寺木呂場町
9220032,石川県,加賀市,大聖寺金子町
9220033,石川県,加賀市,大聖寺法華坊町
9220034,石川県,加賀市,大聖寺荒町
9220035,石川県,加賀市,大聖寺鉄砲町
9220036,石川県,加賀市,大聖寺一本橋町
9220037,石川県,加賀市,大聖寺鍛冶町
9220038,石川県,加賀市,大聖寺山田町
9220041,石川県,加賀市,大聖寺本町
9220042,石川県,加賀市,大聖寺魚町
9220043,石川県,加賀市,大聖寺五軒町
9220044,石川県,加賀市,大聖寺東横町
9220045,石川県,加賀市,大聖寺十一町
9220046,石川県,加賀市,大聖寺観音町
9220047,石川県,加賀市,大聖寺中町
9220048,石川県,加賀市,大聖寺馬場町
9220051,石川県,加賀市,大聖寺仲町
9220052,石川県,加賀市,大聖寺福田町
9220053,石川県,加賀市,大聖寺鷹匠町
9220054,石川県,加賀市,大聖寺寺町
9220055,石川県,加賀市,大聖寺京町
9220056,石川県,加賀市,大聖寺片原町
9220057,石川県,加賀市,大聖寺八間道
9220061,石川県,加賀市,大聖寺相生町
9220062,石川県,加賀市,大聖寺松ケ根町
9220063,石川県,加賀市,大聖寺新町
9220064,石川県,加賀市,大聖寺北片原町
9220065,石川県,加賀市,大聖寺新旗陽町
9220066,石川県,加賀市,大聖寺殿町
9220067,石川県,加賀市,大聖寺番場町
9220068,石川県,加賀市,大聖寺新組町
9220101,石川県,加賀市,山中温泉中田町
9220101,石川県,加賀市,山中温泉二天町
9220102,石川県,加賀市,山中温泉長谷田町
9220103,石川県,加賀市,山中温泉長谷田町
9220104,石川県,加賀市,山中温泉旭町
9220105,石川県,加賀市,山中温泉泉町
9220106,石川県,加賀市,山中温泉上原町
9220107,石川県,加賀市,山中温泉上原町
9220108,石川県,加賀市,山中温泉上原町
9220109,石川県,加賀市,山中温泉宮の杜
9220111,石川県,加賀市,山中温泉塚谷町
9220112,石川県,加賀市,山中温泉西桂木町
9220113,石川県,加賀市,山中温泉東桂木町
9220114,石川県,加賀市,山中温泉東町
9220115,石川県,加賀市,山中温泉本町
9220116,石川県,加賀市,山中温泉白山町
9220117,石川県,加賀市,山中温泉上野町
9220117,石川県,加賀市,山中温泉上野町
9220118,石川県,加賀市,山中温泉加美谷台
9220121,石川県,加賀市,山中温泉富士見町
9220122,石川県,加賀市,山中温泉湯の本町
9220123,石川県,加賀市,山中温泉薬師町
9220124,石川県,加賀市,山中温泉湯の出町
9220125,石川県,加賀市,山中温泉栄町
9220126,石川県,加賀市,山中温泉河鹿町
9220127,石川県,加賀市,山中温泉下谷町
9220128,石川県,加賀市,山中温泉こおろぎ町
9220129,石川県,加賀市,山中温泉南町
9220131,石川県,加賀市,山中温泉四十九院町
9220132,石川県,加賀市,山中温泉中津原町
9220133,石川県,加賀市,山中温泉滝町
9220134,石川県,加賀市,山中温泉荒谷町
9220134,石川県,加賀市,山中温泉菅生谷町
9220135,石川県,加賀市,山中温泉今立町
9220135,石川県,加賀市,山中温泉大土町
9220136,石川県,加賀市,山中温泉九谷町
9220136,石川県,加賀市,山中温泉坂下町
9220136,石川県,加賀市,山中温泉杉水町
9220136,石川県,加賀市,山中温泉枯淵町
9220136,石川県,加賀市,山中温泉片谷町
9220136,石川県,加賀市,山中温泉真砂町
9220137,石川県,加賀市,山中温泉我谷町
9220137,石川県,加賀市,山中温泉風谷町
9220138,石川県,加賀市,山中温泉栢野町
9220139,石川県,加賀市,山中温泉菅谷町
9220192,石川県,加賀市,山中温泉湯の出町タ３３
9220193,石川県,加賀市,山中温泉上野町ル１５−１
9220221,石川県,加賀市,丸山町
9220222,石川県,加賀市,上野町
9220241,石川県,加賀市,加茂町
9220242,石川県,加賀市,山代温泉
9220243,石川県,加賀市,山代温泉
9220244,石川県,加賀市,山代温泉
9220245,石川県,加賀市,山代温泉
9220246,石川県,加賀市,山代温泉
9220247,石川県,加賀市,山代温泉
9220250,石川県,加賀市,山代温泉桜町
9220251,石川県,加賀市,山代温泉
9220252,石川県,加賀市,山代温泉
9220253,石川県,加賀市,山代温泉
9220254,石川県,加賀市,山代温泉
9220255,石川県,加賀市,山代温泉
9220256,石川県,加賀市,山代温泉
9220257,石川県,加賀市,山代温泉
9220258,石川県,加賀市,山代温泉
9220261,石川県,加賀市,横北町
9220262,石川県,加賀市,柏野町
9220263,石川県,加賀市,塔尾町
9220264,石川県,加賀市,須谷町
9220265,石川県,加賀市,水田丸町
9220266,石川県,加賀市,小坂町
9220267,石川県,加賀市,二ツ屋町
9220271,石川県,加賀市,尾俣町
9220273,石川県,加賀市,桂谷町
9220274,石川県,加賀市,別所町
9220275,石川県,加賀市,別所町
9220276,石川県,加賀市,河南町
9220277,石川県,加賀市,河南町
9220278,石川県,加賀市,荒木町
9220293,石川県,加賀市,山代温泉東山町１６−１
9220294,石川県,加賀市,山代温泉桔梗丘２丁目１０−３
9220295,石川県,加賀市,山代温泉１９−５８
9220297,石川県,加賀市,山代温泉１８−１２４
9220298,石川県,加賀市,山代温泉１９−４９−１
9220301,石川県,加賀市,高塚町
9220302,石川県,加賀市,打越町
9220303,石川県,加賀市,箱宮町
9220304,石川県,加賀市,分校町
9220305,石川県,加賀市,梶井町
9220306,石川県,加賀市,中島町
9220307,石川県,加賀市,干拓町
9220311,石川県,加賀市,栄谷町
9220312,石川県,加賀市,宇谷町
9220313,石川県,加賀市,勅使町
9220314,石川県,加賀市,河原町
9220315,石川県,加賀市,清水町
9220316,石川県,加賀市,松山町
9220321,石川県,加賀市,森町
9220322,石川県,加賀市,上野町
9220323,石川県,加賀市,若葉台
9220324,石川県,加賀市,七日市新町
9220325,石川県,加賀市,二子塚町
9220326,石川県,加賀市,桑原町
9220331,石川県,加賀市,動橋町
9220332,石川県,加賀市,庄町
9220333,石川県,加賀市,津波倉町
9220334,石川県,加賀市,西島町
9220335,石川県,加賀市,七日市町
9220336,石川県,加賀市,八日市町
9220337,石川県,加賀市,合河町
9220401,石川県,加賀市,新保町
9220402,石川県,加賀市,柴山町
9220403,石川県,加賀市,一白町
9220404,石川県,加賀市,源平町
9220405,石川県,加賀市,手塚町
9220406,石川県,加賀市,伊切町
9220411,石川県,加賀市,潮津町
9220412,石川県,加賀市,片山津温泉
9220413,石川県,加賀市,湖城町
9220414,石川県,加賀市,片山津町
9220421,石川県,加賀市,冨塚町
9220422,石川県,加賀市,弓波町
9220423,石川県,加賀市,作見町
9220424,石川県,加賀市,小菅波町
9220425,石川県,加賀市,大菅波町
9220426,石川県,加賀市,天日町
9220427,石川県,加賀市,ときわ台
9220428,石川県,加賀市,尾中町
9220431,石川県,加賀市,山田町
9220432,石川県,加賀市,東山田町
9220433,石川県,加賀市,西山田町
9220434,石川県,加賀市,北山田町
9220435,石川県,加賀市,希望が丘
9220436,石川県,加賀市,松が丘
9220437,石川県,加賀市,白山台
9220441,石川県,加賀市,篠原新町
9220442,石川県,加賀市,篠原町
9220443,石川県,加賀市,野田町
9220444,石川県,加賀市,宮地町
9220445,石川県,加賀市,小塩辻町
9220446,石川県,加賀市,塩浜町
9220495,石川県,加賀市,作見町ル２５番１
9220497,石川県,加賀市,作見町ホ１０番地１
9220551,石川県,加賀市,美岬町
9220552,石川県,加賀市,田尻町
9220553,石川県,加賀市,小塩町
9220554,石川県,加賀市,橋立町
9220561,石川県,加賀市,宮町
9220562,石川県,加賀市,高尾町
9220563,石川県,加賀市,豊町
9220564,石川県,加賀市,片野町
9220565,石川県,加賀市,黒崎町
9220566,石川県,加賀市,深田町
9220595,石川県,加賀市,宮町カ１番地１
9220671,石川県,加賀市,大聖寺瀬越町
9220672,石川県,加賀市,吉崎町
9220673,石川県,加賀市,塩屋町
9220801,石川県,加賀市,大聖寺関町
9220802,石川県,加賀市,大聖寺越前町
9220803,石川県,加賀市,大聖寺三ツ屋町
9220803,石川県,加賀市,大聖寺越前三ツ屋町
9220804,石川県,加賀市,大聖寺中新道
9220805,石川県,加賀市,大聖寺新屋敷町
9220806,石川県,加賀市,大聖寺大新道
9220807,石川県,加賀市,大聖寺神明町
9220811,石川県,加賀市,大聖寺南町
9220812,石川県,加賀市,大聖寺田原町
9220813,石川県,加賀市,大聖寺弓町
9220814,石川県,加賀市,大聖寺菅生町
9220815,石川県,加賀市,大聖寺菅生
9220816,石川県,加賀市,大聖寺東町
9220821,石川県,加賀市,南郷町
9220822,石川県,加賀市,吸坂町
9220823,石川県,加賀市,黒瀬町
9220824,石川県,加賀市,日谷町
9220825,石川県,加賀市,直下町
9220831,石川県,加賀市,幸町
9220832,石川県,加賀市,百々町
9220833,石川県,加賀市,曾宇町
9220834,石川県,加賀市,美谷が丘
9220835,石川県,加賀市,細坪町
9220836,石川県,加賀市,白鳥町
9220841,石川県,加賀市,大聖寺下屋敷町
9220842,石川県,加賀市,熊坂町
9220843,石川県,加賀市,大同町
9220844,石川県,加賀市,白望台町
9220851,石川県,加賀市,大聖寺錦城ケ丘
9220852,石川県,加賀市,大聖寺緑ケ丘
9220853,石川県,加賀市,大聖寺三ツ町
9220854,石川県,加賀市,三木町
9220855,石川県,加賀市,橘町
9220856,石川県,加賀市,奥谷町
9220857,石川県,加賀市,永井町
9220861,石川県,加賀市,大聖寺地方町
9220862,石川県,加賀市,大聖寺錦町
9220863,石川県,加賀市,大聖寺今出町
9220864,石川県,加賀市,大聖寺西栄町
9220865,石川県,加賀市,大聖寺西町
9228501,石川県,加賀市,大聖寺永町イ−１７
9228510,石川県,加賀市,大聖寺永町３３−１
9228511,石川県,加賀市,永井町４３−４１
9228522,石川県,加賀市,作見町リ３６番地
9228525,石川県,加賀市,熊坂町ヲ７７
9228530,石川県,加賀市,黒瀬町３５０−１
9228550,石川県,加賀市,中代町リ４０−５
9228555,石川県,加賀市,上河崎町ネ３３１
9228566,石川県,加賀市,中代町ル９５−２
9228570,石川県,加賀市,美岬町メ１番地１
9228585,石川県,加賀市,黒瀬町３７０−１
9228588,石川県,加賀市,黒瀬町カ１２０
9228609,石川県,加賀市,大聖寺菅生イ７８の３
9228611,石川県,加賀市,永井町７１−１−１
9228622,石川県,加賀市,大聖寺南町ニ−４１（加賀郵便局私書箱第９号）
9228650,石川県,加賀市,大聖寺菅生ロ−１７−３（加賀郵便局私書箱第２５号）
9228678,石川県,加賀市,上河崎町３００（加賀郵便局私書箱第６号）
9228686,石川県,加賀市,熊坂町イ−１９７（加賀郵便局私書箱第１９号）
9230000,石川県,小松市,
9230001,石川県,小松市,大島町
9230002,石川県,小松市,小島町
9230003,石川県,小松市,安宅町
9230004,石川県,小松市,長崎町
9230005,石川県,小松市,坊丸町
9230011,石川県,小松市,蛭川町
9230012,石川県,小松市,東蛭川町
9230013,石川県,小松市,城北町
9230014,石川県,小松市,松梨町
9230015,石川県,小松市,犬丸町
9230016,石川県,小松市,御館町
9230021,石川県,小松市,島田町
9230022,石川県,小松市,美原町
9230023,石川県,小松市,梅田町
9230024,石川県,小松市,茶屋町
9230025,石川県,小松市,天神町
9230026,石川県,小松市,下牧町
9230027,石川県,小松市,上牧町
9230028,石川県,小松市,梯町
9230031,石川県,小松市,高堂町
9230032,石川県,小松市,荒屋町
9230033,石川県,小松市,野田町
9230034,石川県,小松市,長田町
9230035,石川県,小松市,あけぼの町
9230036,石川県,小松市,平面町
9230037,石川県,小松市,問屋町
9230041,石川県,小松市,千代町
9230042,石川県,小松市,能美町
9230043,石川県,小松市,一針町
9230044,石川県,小松市,川辺町
9230051,石川県,小松市,上八里町
9230052,石川県,小松市,下八里町
9230053,石川県,小松市,河田町
9230054,石川県,小松市,小野町
9230055,石川県,小松市,古府町
9230056,石川県,小松市,八里台
9230061,石川県,小松市,国府台
9230062,石川県,小松市,里川町
9230063,石川県,小松市,鵜川町
9230064,石川県,小松市,遊泉寺町
9230065,石川県,小松市,立明寺町
9230066,石川県,小松市,埴田町
9230071,石川県,小松市,中海町
9230072,石川県,小松市,みどり町
9230073,石川県,小松市,岩渕町
9230074,石川県,小松市,桂町
9230075,石川県,小松市,原町
9230076,石川県,小松市,麦口町
9230077,石川県,小松市,上麦口町
9230078,石川県,小松市,中ノ峠町
9230078,石川県,小松市,嵐町
9230151,石川県,小松市,正蓮寺町
9230152,石川県,小松市,五国寺町
9230153,石川県,小松市,金平町
9230154,石川県,小松市,金野町
9230155,石川県,小松市,江指町
9230156,石川県,小松市,大野町
9230157,石川県,小松市,花坂町
9230161,石川県,小松市,池城町
9230162,石川県,小松市,波佐羅町
9230163,石川県,小松市,塩原町
9230164,石川県,小松市,布橋町
9230165,石川県,小松市,沢町
9230166,石川県,小松市,松岡町
9230171,石川県,小松市,観音下町
9230172,石川県,小松市,尾小屋町
9230173,石川県,小松市,丸山町
9230174,石川県,小松市,花立町
9230175,石川県,小松市,新保町
9230176,石川県,小松市,西俣町
9230177,石川県,小松市,岩上町
9230181,石川県,小松市,長谷町
9230182,石川県,小松市,波佐谷町
9230183,石川県,小松市,瀬領町
9230184,石川県,小松市,打木町
9230185,石川県,小松市,赤瀬町
9230186,石川県,小松市,大杉町
9230187,石川県,小松市,上リ江町
9230301,石川県,小松市,矢崎町
9230302,石川県,小松市,符津町
9230303,石川県,小松市,島町
9230304,石川県,小松市,下粟津町
9230305,石川県,小松市,蓑輪町
9230306,石川県,小松市,松生町
9230311,石川県,小松市,木場町
9230312,石川県,小松市,木場台
9230313,石川県,小松市,津波倉町
9230314,石川県,小松市,おびし町
9230315,石川県,小松市,小山田町
9230316,石川県,小松市,井口町
9230321,石川県,小松市,白山田町
9230322,石川県,小松市,牧口町
9230323,石川県,小松市,西荒谷町
9230324,石川県,小松市,日用町
9230325,石川県,小松市,西原町
9230326,石川県,小松市,粟津温泉
9230326,石川県,小松市,粟津町
9230327,石川県,小松市,戸津町
9230328,石川県,小松市,南陽町
9230331,石川県,小松市,上荒屋町
9230332,石川県,小松市,湯上町
9230333,石川県,小松市,馬場町
9230334,石川県,小松市,菩提町
9230335,石川県,小松市,滝ケ原町
9230336,石川県,小松市,那谷町
9230341,石川県,小松市,春日町
9230342,石川県,小松市,矢田野町
9230343,石川県,小松市,矢沢町
9230344,石川県,小松市,林町
9230345,石川県,小松市,二ツ梨町
9230392,石川県,小松市,符津町ツ２３
9230393,石川県,小松市,粟津町ナ−３−３
9230398,石川県,小松市,那谷町５−３０
9230801,石川県,小松市,園町
9230802,石川県,小松市,上小松町
9230803,石川県,小松市,宝町
9230804,石川県,小松市,光町
9230805,石川県,小松市,御宮町
9230806,石川県,小松市,小寺町
9230811,石川県,小松市,白江町
9230812,石川県,小松市,漆町
9230812,石川県,小松市,金屋町
9230813,石川県,小松市,糸町
9230814,石川県,小松市,白松町
9230821,石川県,小松市,佐々木町
9230822,石川県,小松市,光陽町
9230823,石川県,小松市,荒木田町
9230824,石川県,小松市,軽海町
9230825,石川県,小松市,西軽海町
9230826,石川県,小松市,希望丘
9230831,石川県,小松市,打越町
9230832,石川県,小松市,若杉町
9230833,石川県,小松市,八幡
9230834,石川県,小松市,千木野町
9230835,石川県,小松市,吉竹町
9230836,石川県,小松市,鹿町
9230841,石川県,小松市,本江町
9230842,石川県,小松市,東山町
9230843,石川県,小松市,蓮代寺町
9230844,石川県,小松市,三谷町
9230851,石川県,小松市,北浅井町
9230852,石川県,小松市,南浅井町
9230853,石川県,小松市,扇町
9230854,石川県,小松市,大領町
9230861,石川県,小松市,沖町
9230862,石川県,小松市,三田町
9230862,石川県,小松市,清六町
9230863,石川県,小松市,不動島町
9230864,石川県,小松市,有明町
9230865,石川県,小松市,福乃宮町
9230866,石川県,小松市,白嶺町
9230867,石川県,小松市,幸町
9230868,石川県,小松市,八日市町地方
9230868,石川県,小松市,日の出町
9230869,石川県,小松市,こまつの杜
9230901,石川県,小松市,泉町
9230902,石川県,小松市,古城町
9230903,石川県,小松市,丸の内公園町
9230903,石川県,小松市,丸の内町
9230903,石川県,小松市,丸内町
9230904,石川県,小松市,小馬出町
9230905,石川県,小松市,地子町
9230905,石川県,小松市,鷹匠町
9230906,石川県,小松市,新大工町
9230907,石川県,小松市,浜田町
9230908,石川県,小松市,浮城町
9230911,石川県,小松市,大川町
9230912,石川県,小松市,新町
9230913,石川県,小松市,松任町
9230914,石川県,小松市,新鍛冶町
9230915,石川県,小松市,細工町
9230916,石川県,小松市,材木町
9230917,石川県,小松市,中町
9230918,石川県,小松市,京町
9230919,石川県,小松市,殿町
9230921,石川県,小松市,土居原町
9230922,石川県,小松市,飴屋町
9230923,石川県,小松市,東町
9230924,石川県,小松市,三日市町
9230925,石川県,小松市,八日市町
9230926,石川県,小松市,龍助町
9230927,石川県,小松市,西町
9230931,石川県,小松市,大文字町
9230932,石川県,小松市,寺町
9230933,石川県,小松市,本鍛冶町
9230934,石川県,小松市,栄町
9230935,石川県,小松市,上寺町
9230936,石川県,小松市,本大工町
9230937,石川県,小松市,本町
9230938,石川県,小松市,芦田町
9230941,石川県,小松市,城南町
9230942,石川県,小松市,桜木町
9230943,石川県,小松市,育成町
9230944,石川県,小松市,古河町
9230945,石川県,小松市,末広町
9230946,石川県,小松市,相生町
9230947,石川県,小松市,日吉町
9230948,石川県,小松市,錦町
9230951,石川県,小松市,白山町
9230952,石川県,小松市,大和町
9230953,石川県,小松市,旭町
9230954,石川県,小松市,八幡町
9230955,石川県,小松市,上本折町
9230956,石川県,小松市,西本折町
9230957,石川県,小松市,本折町
9230958,石川県,小松市,清水町
9230961,石川県,小松市,向本折町
9230962,石川県,小松市,大領中町
9230963,石川県,小松市,須天町
9230964,石川県,小松市,今江町
9230965,石川県,小松市,串町
9230965,石川県,小松市,野立町
9230966,石川県,小松市,串茶屋町
9230967,石川県,小松市,青路町
9230968,石川県,小松市,村松町
9230971,石川県,小松市,四丁町
9230972,石川県,小松市,月津町
9230973,石川県,小松市,扇原町
9230974,石川県,小松市,月美丘
9230975,石川県,小松市,矢田町
9230976,石川県,小松市,矢田新町
9230977,石川県,小松市,額見町
9230981,石川県,小松市,拓栄町
9230982,石川県,小松市,松崎町
9230983,石川県,小松市,日末町
9230984,石川県,小松市,佐美町
9230985,石川県,小松市,浜佐美町
9230991,石川県,小松市,木曽町
9230992,石川県,小松市,鶴ケ島町
9230993,石川県,小松市,浮柳町
9230994,石川県,小松市,工業団地
9230995,石川県,小松市,安宅新町
9230996,石川県,小松市,草野町
9230997,石川県,小松市,浜佐美本町
9230998,石川県,小松市,義仲町
9231100,石川県,能美市,
9231101,石川県,能美市,粟生町
9231102,石川県,能美市,新保町
9231103,石川県,能美市,秋常町
9231104,石川県,能美市,湯谷町
9231105,石川県,能美市,石子町
9231106,石川県,能美市,和田町
9231107,石川県,能美市,末寺町
9231111,石川県,能美市,泉台町
9231112,石川県,能美市,佐野町
9231113,石川県,能美市,牛島町
9231114,石川県,能美市,小杉町
9231115,石川県,能美市,大長野町
9231116,石川県,能美市,小長野町
9231117,石川県,能美市,末信町
9231121,石川県,能美市,寺井町
9231122,石川県,能美市,東任田町
9231123,石川県,能美市,吉光町
9231124,石川県,能美市,三道山町
9231198,石川県,能美市,寺井町た３５番地
9231200,石川県,能美郡川北町,
9231201,石川県,能美市,岩内町
9231202,石川県,能美市,莇生町
9231203,石川県,能美市,三ツ口町
9231204,石川県,能美市,長滝町
9231205,石川県,能美市,宮竹町
9231206,石川県,能美市,灯台笹町
9231207,石川県,能美市,岩本町
9231208,石川県,能美市,和佐谷町
9231211,石川県,能美市,旭台
9231212,石川県,能美市,大口町
9231213,石川県,能美市,坪野町
9231214,石川県,能美市,金剛寺町
9231215,石川県,能美市,舘町
9231216,石川県,能美市,鍋谷町
9231217,石川県,能美市,仏大寺町
9231221,石川県,能美市,湯屋町
9231222,石川県,能美市,徳山町
9231223,石川県,能美市,寺畠町
9231224,石川県,能美市,和気町
9231225,石川県,能美市,松が岡
9231226,石川県,能美市,緑が丘
9231227,石川県,能美市,和光台
9231231,石川県,能美市,上開発町
9231232,石川県,能美市,下開発町
9231233,石川県,能美市,荒屋町
9231234,石川県,能美市,高座町
9231235,石川県,能美市,徳久町
9231236,石川県,能美市,北市町
9231237,石川県,能美市,上清水町
9231238,石川県,能美市,下清水町
9231241,石川県,能美市,山田町
9231242,石川県,能美市,火釜町
9231243,石川県,能美市,三ツ屋町
9231244,石川県,能美市,来丸町
9231245,石川県,能美市,辰口町
9231246,石川県,能美市,倉重町
9231247,石川県,能美市,出口町
9231251,石川県,能美郡川北町,藤蔵
9231252,石川県,能美郡川北町,中島
9231253,石川県,能美郡川北町,三反田
9231254,石川県,能美郡川北町,サンコーポラス
9231261,石川県,能美郡川北町,土室
9231262,石川県,能美郡川北町,草深
9231263,石川県,能美郡川北町,下土室
9231264,石川県,能美郡川北町,山田先出
9231265,石川県,能美郡川北町,上先出
9231266,石川県,能美郡川北町,下先出
9231267,石川県,能美郡川北町,壱ツ屋
9231268,石川県,能美郡川北町,与九郎島
9231269,石川県,能美郡川北町,上田子島
9231271,石川県,能美郡川北町,田子島
9231272,石川県,能美郡川北町,下田子島
9231273,石川県,能美郡川北町,舟場島
9231274,石川県,能美郡川北町,木呂場
9231275,石川県,能美郡川北町,木呂場新
9231276,石川県,能美郡川北町,橘
9231277,石川県,能美郡川北町,橘新
9231278,石川県,能美郡川北町,朝日
9231292,石川県,能美市,旭台１丁目１
9231293,石川県,能美市,岩内町１−１
9231294,石川県,能美市,北市町リ１
9231295,石川県,能美郡川北町,字壱ツ屋１７４
9231296,石川県,能美郡川北町,字山田先出２６−２
9231297,石川県,能美市,来丸町１１１０番地
9238501,石川県,小松市,八幡ト１
9238502,石川県,小松市,工業団地１丁目９３番地
9238503,石川県,小松市,工業団地１丁目６５
9238505,石川県,小松市,光町８９
9238507,石川県,小松市,園町ホ９９−１
9238510,石川県,小松市,今江町７丁目４６８
9238511,石川県,小松市,四丁町ヌ１−３
9238520,石川県,小松市,国府台５丁目３
9238521,石川県,小松市,串町工業団地１−２
9238525,石川県,小松市,問屋町２５
9238528,石川県,小松市,平面町ア６９
9238530,石川県,小松市,月津町ヲ７２−２
9238531,石川県,小松市,島田町イ８５−１
9238533,石川県,小松市,白嶺町１丁目３４
9238541,石川県,小松市,小馬出町１１
9238544,石川県,小松市,本折町３３番地
9238545,石川県,小松市,平面町ヘ７２
9238546,石川県,小松市,上八里町ニ２５
9238550,石川県,小松市,今江町６丁目３４９
9238551,石川県,小松市,八幡イ１２−７
9238552,石川県,小松市,大文字町８８
9238555,石川県,小松市,希望丘１０
9238557,石川県,小松市,国府台５丁目２８
9238560,石川県,小松市,向本折町ホ６０
9238565,石川県,小松市,沖周辺土地区画整理事業区域内２０街区
9238566,石川県,小松市,園町ニ１
9238567,石川県,小松市,打越町丙６７
9238570,石川県,小松市,日の出町１丁目１２０
9238575,石川県,小松市,串町工業団地３０番地
9238577,石川県,小松市,上八里町ニ２５
9238578,石川県,小松市,月津町ヲ９５
9238580,石川県,小松市,里川町ナ２３
9238581,石川県,小松市,串町工業団地１−１
9238586,石川県,小松市,向本折町戊２６７
9238588,石川県,小松市,国府台５丁目２０
9238601,石川県,小松市,八幡イ１３−１
9238603,石川県,小松市,串町工業団地１−３
9238605,石川県,小松市,今江町９丁目４０６
9238606,石川県,小松市,園町ハ３６−１
9238609,石川県,小松市,日の出町１丁目１２０
9238610,石川県,小松市,こまつの杜２番地
9238611,石川県,小松市,上小松町丙２５２
9238615,石川県,小松市,有明町２７
9238616,石川県,小松市,桜木町１３３−１
9238620,石川県,小松市,工業団地１丁目５７番地
9238626,石川県,小松市,光町９３
9238630,石川県,小松市,向本折町ヘ１４−１
9238633,石川県,小松市,末広町４６
9238639,石川県,小松市,光町２０
9238640,石川県,小松市,土居原町１０−１０
9238642,石川県,小松市,安宅町甲１３５
9238643,石川県,小松市,工業団地１丁目７２番地
9238644,石川県,小松市,園町ハ２３番地１
9238646,石川県,小松市,丸内町二ノ丸１５
9238650,石川県,小松市,小馬出町９１（小松郵便局私書箱第１２号）
9238666,石川県,小松市,八日市町地方５
9238686,石川県,小松市,新町８６
9238688,石川県,小松市,京町６８
9240000,石川県,白山市,
9240001,石川県,白山市,八田町
9240002,石川県,白山市,八田中町
9240003,石川県,白山市,中新保町
9240004,石川県,白山市,旭丘
9240005,石川県,白山市,一塚町
9240006,石川県,白山市,村井新町
9240007,石川県,白山市,倉部町
9240011,石川県,白山市,横江町
9240012,石川県,白山市,福増町
9240013,石川県,白山市,番匠町
9240014,石川県,白山市,五歩市町
9240015,石川県,白山市,新田町
9240016,石川県,白山市,宮永市町
9240017,石川県,白山市,宮永町
9240018,石川県,白山市,宮永新町
9240019,石川県,白山市,あさひ荘苑
9240020,石川県,白山市,新成
9240021,石川県,白山市,竹松町
9240022,石川県,白山市,相木町
9240023,石川県,白山市,成町
9240024,石川県,白山市,北安田町
9240025,石川県,白山市,蕪城
9240026,石川県,白山市,平木町
9240027,石川県,白山市,相川町
9240028,石川県,白山市,相川新町
9240029,石川県,白山市,中成
9240030,石川県,白山市,北成町
9240031,石川県,白山市,村井東
9240032,石川県,白山市,村井町
9240033,石川県,白山市,宮丸町
9240034,石川県,白山市,小上町
9240035,石川県,白山市,上柏野町
9240036,石川県,白山市,中柏野町
9240037,石川県,白山市,荒屋柏野町
9240038,石川県,白山市,下柏野町
9240039,石川県,白山市,北安田西
9240041,石川県,白山市,東美沢野町
9240042,石川県,白山市,東柏町
9240043,石川県,白山市,柏町
9240044,石川県,白山市,西柏町
9240045,石川県,白山市,西柏
9240046,石川県,白山市,西美沢野
9240047,石川県,白山市,西美沢野町
9240048,石川県,白山市,美沢野町
9240051,石川県,白山市,福留町
9240052,石川県,白山市,源兵島町
9240053,石川県,白山市,水澄町
9240054,石川県,白山市,米光町
9240055,石川県,白山市,北島町
9240056,石川県,白山市,阿弥陀島町
9240057,石川県,白山市,松本町
9240058,石川県,白山市,石立町
9240059,石川県,白山市,福留南
9240061,石川県,白山市,宮保町
9240062,石川県,白山市,笠間新
9240063,石川県,白山市,笠間町
9240064,石川県,白山市,黒瀬町
9240065,石川県,白山市,七郎町
9240066,石川県,白山市,上小川町
9240067,石川県,白山市,小川町
9240068,石川県,白山市,宮保新町
9240069,石川県,白山市,宮原町
9240071,石川県,白山市,徳光町
9240072,石川県,白山市,千代野西
9240073,石川県,白山市,千代野東
9240074,石川県,白山市,千代野南
9240075,石川県,白山市,米永町
9240076,石川県,白山市,法仏町
9240081,石川県,白山市,相木
9240801,石川県,白山市,田中町
9240802,石川県,白山市,専福寺町
9240803,石川県,白山市,乾町
9240804,石川県,白山市,徳丸町
9240805,石川県,白山市,若宮
9240806,石川県,白山市,石同新町
9240807,石川県,白山市,石同町
9240808,石川県,白山市,布市
9240810,石川県,白山市,菜の花
9240811,石川県,白山市,長竹町
9240812,石川県,白山市,橋爪町
9240813,石川県,白山市,福正寺町
9240814,石川県,白山市,橋爪新町
9240815,石川県,白山市,三浦町
9240816,石川県,白山市,三幸町
9240817,石川県,白山市,幸明町
9240818,石川県,白山市,中奥町
9240819,石川県,白山市,青葉台
9240820,石川県,白山市,美里町
9240821,石川県,白山市,木津町
9240822,石川県,白山市,みずほ
9240823,石川県,白山市,坊丸町
9240824,石川県,白山市,田地町
9240825,石川県,白山市,菅波町
9240826,石川県,白山市,乙丸町
9240827,石川県,白山市,今平町
9240828,石川県,白山市,上二口町
9240831,石川県,白山市,藤波
9240832,石川県,白山市,藤木町
9240833,石川県,白山市,向島町
9240834,石川県,白山市,矢頃島町
9240835,石川県,白山市,漆島町
9240836,石川県,白山市,山島台
9240837,石川県,白山市,吉田町
9240838,石川県,白山市,八束穂
9240841,石川県,白山市,平松町
9240842,石川県,白山市,剣崎町
9240843,石川県,白山市,安吉町
9240844,石川県,白山市,寄新保町
9240845,石川県,白山市,島田町
9240846,石川県,白山市,上島田町
9240847,石川県,白山市,内方新保町
9240848,石川県,白山市,長島町
9240851,石川県,白山市,御影堂町
9240852,石川県,白山市,四ツ屋町
9240853,石川県,白山市,上安田町
9240854,石川県,白山市,出合島町
9240855,石川県,白山市,水島町
9240856,石川県,白山市,番田町
9240857,石川県,白山市,福永町
9240858,石川県,白山市,福新町
9240861,石川県,白山市,横町
9240862,石川県,白山市,安田町
9240863,石川県,白山市,博労
9240864,石川県,白山市,馬場
9240865,石川県,白山市,倉光
9240866,石川県,白山市,倉光西
9240867,石川県,白山市,茶屋
9240871,石川県,白山市,西新町
9240872,石川県,白山市,古城町
9240873,石川県,白山市,八日市町
9240874,石川県,白山市,四日市町
9240875,石川県,白山市,辰巳町
9240876,石川県,白山市,鍛治町
9240877,石川県,白山市,中町
9240878,石川県,白山市,末広
9240881,石川県,白山市,八ツ矢新町
9240882,石川県,白山市,八ツ矢町
9240883,石川県,白山市,東一番町
9240884,石川県,白山市,東新町
9240885,石川県,白山市,殿町
9240886,石川県,白山市,東二番町
9240887,石川県,白山市,東三番町
9240888,石川県,白山市,旭町
9248510,石川県,白山市,松本町２５１２
9248511,石川県,白山市,笠間町１２００番地
9248522,石川県,白山市,旭丘１丁目１２
9248533,石川県,白山市,福留町６５５
9248544,石川県,白山市,三浦町５００−１
9248555,石川県,白山市,旭丘２丁目６
9248558,石川県,白山市,旭丘１丁目８
9248560,石川県,白山市,漆島町１１３６番地
9248566,石川県,白山市,下柏野町１５３
9248577,石川県,白山市,田中町３１５
9248580,石川県,白山市,徳丸町６７０番地
9248585,石川県,白山市,博労２丁目２２
9248588,石川県,白山市,倉光３丁目８
9248686,石川県,白山市,相木町３８３
9248688,石川県,白山市,倉光２丁目１
9250000,石川県,羽咋市,
9250001,石川県,羽咋市,柴垣町
9250002,石川県,羽咋市,滝谷町
9250003,石川県,羽咋市,寺家町
9250004,石川県,羽咋市,一ノ宮町
9250005,石川県,羽咋市,滝町
9250011,石川県,羽咋市,上中山町
9250012,石川県,羽咋市,千路町
9250013,石川県,羽咋市,東釜屋町
9250014,石川県,羽咋市,釜屋町
9250015,石川県,羽咋市,大川町
9250016,石川県,羽咋市,羽咋町
9250017,石川県,羽咋市,西釜屋町
9250018,石川県,羽咋市,柳田町
9250021,石川県,羽咋市,吉崎町
9250022,石川県,羽咋市,深江町
9250023,石川県,羽咋市,若草町
9250024,石川県,羽咋市,三ツ屋町
9250025,石川県,羽咋市,太田町
9250026,石川県,羽咋市,石野町
9250027,石川県,羽咋市,鶴多町
9250028,石川県,羽咋市,次場町
9250031,石川県,羽咋市,東的場町
9250032,石川県,羽咋市,東川原町
9250033,石川県,羽咋市,川原町
9250034,石川県,羽咋市,旭町
9250035,石川県,羽咋市,本町
9250036,石川県,羽咋市,的場町
9250041,石川県,羽咋市,立開町
9250042,石川県,羽咋市,土橋町
9250043,石川県,羽咋市,粟原町
9250044,石川県,羽咋市,新保町
9250045,石川県,羽咋市,粟生町
9250046,石川県,羽咋市,兵庫町
9250047,石川県,羽咋市,御坊山町
9250048,石川県,羽咋市,松ケ下町
9250049,石川県,羽咋市,柳橋町
9250051,石川県,羽咋市,島出町
9250052,石川県,羽咋市,中央町
9250053,石川県,羽咋市,南中央町
9250054,石川県,羽咋市,千里浜町
9250100,石川県,羽咋郡志賀町,
9250121,石川県,羽咋郡志賀町,安津見
9250122,石川県,羽咋郡志賀町,倉垣
9250123,石川県,羽咋郡志賀町,矢駄
9250124,石川県,羽咋郡志賀町,西山
9250125,石川県,羽咋郡志賀町,西山台
9250131,石川県,羽咋郡志賀町,米浜
9250132,石川県,羽咋郡志賀町,穴口
9250133,石川県,羽咋郡志賀町,大坂
9250134,石川県,羽咋郡志賀町,上棚
9250135,石川県,羽咋郡志賀町,二所宮
9250136,石川県,羽咋郡志賀町,舘
9250137,石川県,羽咋郡志賀町,福井
9250141,石川県,羽咋郡志賀町,高浜町
9250142,石川県,羽咋郡志賀町,福野
9250143,石川県,羽咋郡志賀町,宿女
9250144,石川県,羽咋郡志賀町,坪野
9250145,石川県,羽咋郡志賀町,岩田
9250146,石川県,羽咋郡志賀町,甘田
9250147,石川県,羽咋郡志賀町,大島
9250148,石川県,羽咋郡志賀町,長沢
9250151,石川県,羽咋郡志賀町,梨谷小山
9250152,石川県,羽咋郡志賀町,北吉田
9250153,石川県,羽咋郡志賀町,清水今江
9250154,石川県,羽咋郡志賀町,末吉
9250155,石川県,羽咋郡志賀町,神代
9250156,石川県,羽咋郡志賀町,矢蔵谷
9250157,石川県,羽咋郡志賀町,堀松
9250161,石川県,羽咋郡志賀町,赤住
9250162,石川県,羽咋郡志賀町,百浦
9250163,石川県,羽咋郡志賀町,小浦
9250164,石川県,羽咋郡志賀町,大津
9250165,石川県,羽咋郡志賀町,上野
9250166,石川県,羽咋郡志賀町,安部屋
9250167,石川県,羽咋郡志賀町,町
9250168,石川県,羽咋郡志賀町,川尻
9250193,石川県,羽咋郡志賀町,字末吉小崎１０
9250198,石川県,羽咋郡志賀町,末吉千古１番地１
9250201,石川県,羽咋郡志賀町,印内
9250202,石川県,羽咋郡志賀町,代田
9250203,石川県,羽咋郡志賀町,新林
9250204,石川県,羽咋郡志賀町,牧山
9250205,石川県,羽咋郡志賀町,仏木
9250206,石川県,羽咋郡志賀町,谷屋
9250207,石川県,羽咋郡志賀町,栗山
9250211,石川県,羽咋郡志賀町,矢田
9250212,石川県,羽咋郡志賀町,徳田
9250213,石川県,羽咋郡志賀町,舘開
9250214,石川県,羽咋郡志賀町,火打谷
9250215,石川県,羽咋郡志賀町,出雲
9250301,石川県,羽咋郡志賀町,日用
9250302,石川県,羽咋郡志賀町,町居
9250303,石川県,羽咋郡志賀町,日下田
9250304,石川県,羽咋郡志賀町,中山
9250305,石川県,羽咋郡志賀町,豊後名
9250306,石川県,羽咋郡志賀町,草木
9250307,石川県,羽咋郡志賀町,荒屋
9250311,石川県,羽咋郡志賀町,谷神
9250312,石川県,羽咋郡志賀町,六実
9250313,石川県,羽咋郡志賀町,三明
9250314,石川県,羽咋郡志賀町,中畠
9250315,石川県,羽咋郡志賀町,福浦港
9250345,石川県,羽咋郡志賀町,富来牛下
9250371,石川県,羽咋郡志賀町,釈迦堂
9250372,石川県,羽咋郡志賀町,直海
9250373,石川県,羽咋郡志賀町,小室
9250374,石川県,羽咋郡志賀町,松木
9250375,石川県,羽咋郡志賀町,若葉台
9250376,石川県,羽咋郡志賀町,長田
9250381,石川県,羽咋郡志賀町,田原
9250382,石川県,羽咋郡志賀町,米町
9250383,石川県,羽咋郡志賀町,大笹
9250384,石川県,羽咋郡志賀町,五里峠
9250385,石川県,羽咋郡志賀町,牛ケ首
9250392,石川県,羽咋郡志賀町,富来牛下ル−１−１
9250421,石川県,羽咋郡志賀町,切留
9250422,石川県,羽咋郡志賀町,地保
9250423,石川県,羽咋郡志賀町,鵜野屋
9250424,石川県,羽咋郡志賀町,入釜
9250425,石川県,羽咋郡志賀町,灯
9250426,石川県,羽咋郡志賀町,阿川
9250427,石川県,羽咋郡志賀町,楚和
9250431,石川県,羽咋郡志賀町,尊保
9250432,石川県,羽咋郡志賀町,今田
9250433,石川県,羽咋郡志賀町,和田
9250434,石川県,羽咋郡志賀町,大西
9250435,石川県,羽咋郡志賀町,江添
9250436,石川県,羽咋郡志賀町,貝田
9250437,石川県,羽咋郡志賀町,田中
9250438,石川県,羽咋郡志賀町,八千代
9250441,石川県,羽咋郡志賀町,広地
9250442,石川県,羽咋郡志賀町,東小室
9250443,石川県,羽咋郡志賀町,富来七海
9250444,石川県,羽咋郡志賀町,富来生神
9250445,石川県,羽咋郡志賀町,富来牛下
9250446,石川県,羽咋郡志賀町,富来地頭町
9250447,石川県,羽咋郡志賀町,富来領家町
9250448,石川県,羽咋郡志賀町,富来高田
9250451,石川県,羽咋郡志賀町,八幡
9250452,石川県,羽咋郡志賀町,中泉
9250452,石川県,羽咋郡志賀町,八幡座主
9250453,石川県,羽咋郡志賀町,里本江
9250454,石川県,羽咋郡志賀町,相神
9250455,石川県,羽咋郡志賀町,中浜
9250456,石川県,羽咋郡志賀町,草江
9250457,石川県,羽咋郡志賀町,給分
9250498,石川県,羽咋郡志賀町,富来領家町甲１０
9250561,石川県,羽咋郡志賀町,大福寺
9250562,石川県,羽咋郡志賀町,栢木
9250563,石川県,羽咋郡志賀町,稲敷
9250564,石川県,羽咋郡志賀町,酒見
9250565,石川県,羽咋郡志賀町,香能
9250566,石川県,羽咋郡志賀町,西海風戸
9250571,石川県,羽咋郡志賀町,西海風無
9250572,石川県,羽咋郡志賀町,西海千ノ浦
9250573,石川県,羽咋郡志賀町,西海久喜
9250574,石川県,羽咋郡志賀町,赤崎
9250575,石川県,羽咋郡志賀町,小窪
9250576,石川県,羽咋郡志賀町,鹿頭
9250577,石川県,羽咋郡志賀町,笹波
9250578,石川県,羽咋郡志賀町,前浜
9250601,石川県,羽咋市,菅池町
9250602,石川県,羽咋市,千石町
9250603,石川県,羽咋市,福水町
9250604,石川県,羽咋市,白石町
9250605,石川県,羽咋市,宇土野町
9250606,石川県,羽咋市,白瀬町
9250607,石川県,羽咋市,上白瀬町
9250608,石川県,羽咋市,神子原町
9250611,石川県,羽咋市,上江町
9250612,石川県,羽咋市,垣内田町
9250613,石川県,羽咋市,飯山町
9250614,石川県,羽咋市,中川町
9250615,石川県,羽咋市,千代町
9250616,石川県,羽咋市,四町
9250617,石川県,羽咋市,円井町
9250621,石川県,羽咋市,菱分町
9250622,石川県,羽咋市,堀替新町
9250623,石川県,羽咋市,本江町
9250624,石川県,羽咋市,志々見町
9250625,石川県,羽咋市,尾長町
9250626,石川県,羽咋市,千田町
9250697,石川県,羽咋市,千代町い８０
9258501,石川県,羽咋市,旭町ア２００
9258502,石川県,羽咋市,的場町松崎２４
9258505,石川県,羽咋市,中央町ア１８５番地
9258506,石川県,羽咋市,鶴多町亀田１７
9258508,石川県,羽咋市,千里浜町タ４−１
9258511,石川県,羽咋市,中央町ア１８５番地
9258521,石川県,羽咋市,西釜屋町ク２１
9258525,石川県,羽咋市,羽咋町オ７０
9258530,石川県,羽咋市,柴垣町１４字５番６
9258550,石川県,羽咋市,柳橋町柳橋１
9258555,石川県,羽咋市,柳橋町柳橋５２番地
9258566,石川県,羽咋市,寺家町レ３７−９
9258567,石川県,羽咋市,旭町ユ２０
9258585,石川県,羽咋市,旭町ア１３９
9258609,石川県,羽咋市,南中央町キ１０５−６
9258610,石川県,羽咋市,中央町ア２１−２
9258620,石川県,羽咋市,川原町テ１（羽咋郵便局私書箱第２０号）
9258688,石川県,羽咋市,柳田町８−８（羽咋郵便局私書箱第１０号）
9260000,石川県,七尾市,
9260001,石川県,七尾市,鵜浦町
9260002,石川県,七尾市,湯川町
9260003,石川県,七尾市,沢野町
9260004,石川県,七尾市,殿町
9260005,石川県,七尾市,岡町
9260006,石川県,七尾市,大田新町
9260006,石川県,七尾市,大田町
9260007,石川県,七尾市,三室町
9260011,石川県,七尾市,佐味町
9260012,石川県,七尾市,万行町
9260012,石川県,七尾市,報国町
9260013,石川県,七尾市,佐野町
9260014,石川県,七尾市,矢田町
9260014,石川県,七尾市,緑ケ丘町
9260015,石川県,七尾市,矢田新町
9260016,石川県,七尾市,大和町
9260021,石川県,七尾市,巴町
9260021,石川県,七尾市,本府中町
9260022,石川県,七尾市,天神川原町
9260023,石川県,七尾市,竹町
9260024,石川県,七尾市,古屋敷町
9260025,石川県,七尾市,古城町
9260026,石川県,七尾市,小池川原町
9260027,石川県,七尾市,後畠町
9260028,石川県,七尾市,藤野町
9260031,石川県,七尾市,古府町
9260032,石川県,七尾市,南ケ丘町
9260033,石川県,七尾市,千野町
9260034,石川県,七尾市,多根町
9260035,石川県,七尾市,八田町
9260036,石川県,七尾市,中挾町
9260037,石川県,七尾市,国下町
9260038,石川県,七尾市,八幡町
9260041,石川県,七尾市,府中町
9260042,石川県,七尾市,作事町
9260043,石川県,七尾市,橘町
9260044,石川県,七尾市,相生町
9260045,石川県,七尾市,袖ケ江町
9260046,石川県,七尾市,神明町
9260047,石川県,七尾市,大手町
9260048,石川県,七尾市,桧物町
9260051,石川県,七尾市,郡町
9260052,石川県,七尾市,山王町
9260053,石川県,七尾市,上府中町
9260054,石川県,七尾市,川原町
9260055,石川県,七尾市,今町
9260056,石川県,七尾市,塗師町
9260057,石川県,七尾市,鍛冶町
9260058,石川県,七尾市,湊町
9260171,石川県,七尾市,石崎町
9260172,石川県,七尾市,石崎町
9260173,石川県,七尾市,石崎町
9260174,石川県,七尾市,奥原町
9260175,石川県,七尾市,和倉町
9260176,石川県,七尾市,和倉町ひばり
9260177,石川県,七尾市,光陽台
9260178,石川県,七尾市,石崎町
9260179,石川県,七尾市,泉南台
9260192,石川県,七尾市,和倉町ヨ部８０
9260201,石川県,七尾市,能登島祖母ケ浦町
9260202,石川県,七尾市,能登島八ケ崎町
9260203,石川県,七尾市,能登島えの目町
9260204,石川県,七尾市,能登島長崎町
9260205,石川県,七尾市,能登島野崎町
9260206,石川県,七尾市,能登島日出ケ島町
9260207,石川県,七尾市,能登島二穴町
9260211,石川県,七尾市,能登島向田町
9260212,石川県,七尾市,能登島佐波町
9260213,石川県,七尾市,能登島須曽町
9260214,石川県,七尾市,能登島別所町
9260215,石川県,七尾市,能登島南町
9260216,石川県,七尾市,能登島曲町
9260221,石川県,七尾市,能登島無関町
9260222,石川県,七尾市,能登島閨町
9260223,石川県,七尾市,能登島半浦町
9260224,石川県,七尾市,能登島百万石町
9260225,石川県,七尾市,能登島通町
9260226,石川県,七尾市,能登島田尻町
9260227,石川県,七尾市,能登島久木町
9260292,石川県,七尾市,能登島向田町ろ部１
9260293,石川県,七尾市,能登島半浦町７−１
9260361,石川県,七尾市,江泊町
9260362,石川県,七尾市,大野木町
9260363,石川県,七尾市,江泊町
9260364,石川県,七尾市,庵町
9260364,石川県,七尾市,江泊町
9260365,石川県,七尾市,庵町
9260366,石川県,七尾市,庵町
9260367,石川県,七尾市,庵町
9260371,石川県,七尾市,佐々波町
9260372,石川県,七尾市,麻生町
9260373,石川県,七尾市,小栗町
9260374,石川県,七尾市,清水平町
9260375,石川県,七尾市,柑子町
9260376,石川県,七尾市,外林町
9260381,石川県,七尾市,黒崎町
9260382,石川県,七尾市,花園町
9260383,石川県,七尾市,東浜町
9260384,石川県,七尾市,大泊町
9260385,石川県,七尾市,山崎町
9260386,石川県,七尾市,山崎町
9260387,石川県,七尾市,熊淵町
9260388,石川県,七尾市,熊淵町
9260389,石川県,七尾市,熊淵町
9260801,石川県,七尾市,昭和町
9260802,石川県,七尾市,三島町
9260803,石川県,七尾市,米町
9260804,石川県,七尾市,生駒町
9260805,石川県,七尾市,亀山町
9260806,石川県,七尾市,一本杉町
9260807,石川県,七尾市,阿良町
9260808,石川県,七尾市,木町
9260811,石川県,七尾市,御祓町
9260812,石川県,七尾市,北藤橋町
9260813,石川県,七尾市,南藤橋町
9260814,石川県,七尾市,所口町
9260815,石川県,七尾市,栄町
9260816,石川県,七尾市,岩屋町
9260816,石川県,七尾市,藤橋町
9260817,石川県,七尾市,西藤橋町
9260818,石川県,七尾市,馬出町
9260821,石川県,七尾市,国分町
9260822,石川県,七尾市,細口町
9260823,石川県,七尾市,青葉台町
9260824,石川県,七尾市,下町
9260824,石川県,七尾市,徳田町
9260825,石川県,七尾市,江曽町
9260826,石川県,七尾市,飯川町
9260827,石川県,七尾市,若林町
9260828,石川県,七尾市,白馬町
9260829,石川県,七尾市,徳田新町
9260831,石川県,七尾市,池崎町
9260831,石川県,七尾市,青山町
9260832,石川県,七尾市,盤若野町
9260833,石川県,七尾市,旭町
9260834,石川県,七尾市,東三階町
9260835,石川県,七尾市,西三階町
9260836,石川県,七尾市,町屋町
9260837,石川県,七尾市,温井町
9260838,石川県,七尾市,満仁町
9260841,石川県,七尾市,松百町
9260842,石川県,七尾市,松百新町
9260843,石川県,七尾市,赤浦町
9260844,石川県,七尾市,直津町
9260845,石川県,七尾市,新保町
9260846,石川県,七尾市,祖浜町
9260851,石川県,七尾市,つつじが浜
9260852,石川県,七尾市,小島町
9260853,石川県,七尾市,津向町
9260854,石川県,七尾市,なぎの浦
9260855,石川県,七尾市,小丸山台
9260861,石川県,七尾市,寿町
9260862,石川県,七尾市,常盤町
9260863,石川県,七尾市,白銀町
9260864,石川県,七尾市,魚町
9260865,石川県,七尾市,松本町
9260866,石川県,七尾市,富岡町
9260867,石川県,七尾市,桜町
9268501,石川県,七尾市,大田町１１０−４３
9268511,石川県,七尾市,藤橋町酉部２２−３
9268520,石川県,七尾市,小島町大開地３番地７
9268531,石川県,七尾市,松百町８部３−１
9268540,石川県,七尾市,神明町ロ部１３
9268541,石川県,七尾市,馬出町ハ部１番地の２
9268541,石川県,七尾市,馬出町ハ部１番地の２
9268541,石川県,七尾市,馬出町ハ部１番地の２
9268541,石川県,七尾市,馬出町ハ部１番地の２
9268545,石川県,七尾市,下町己部５４
9268550,石川県,七尾市,本府中町ヲ部３８
9268555,石川県,七尾市,下町戊部１２−１
9268558,石川県,七尾市,八幡町ほ３６
9268566,石川県,七尾市,藤橋町ア部８番地２
9268585,石川県,七尾市,三島町６１−７
9268586,石川県,七尾市,本府中町ソ２７番９
9268588,石川県,七尾市,大田町１１４部２−４
9268601,石川県,七尾市,桧物町３５（七尾郵便局私書箱第１７号）
9268602,石川県,七尾市,生駒町３０−１（七尾郵便局私書箱第１号）
9268603,石川県,七尾市,西三階町１０号４−１
9268605,石川県,七尾市,富岡町９４（七尾郵便局私書箱第３２号）
9268609,石川県,七尾市,小島町西部２番
9268610,石川県,七尾市,藤橋町ア部６番地４（七尾郵便局私書箱第１９号）
9268611,石川県,七尾市,袖ケ江町イ２５（七尾郵便局私書箱第４号）
9268642,石川県,七尾市,三島町７０−１（七尾郵便局私書箱第２３号）
9268650,石川県,七尾市,白馬町８−５（七尾郵便局私書箱第３号）
9268666,石川県,七尾市,一本杉町１１８（七尾郵便局私書箱第１２号）
9268686,石川県,七尾市,小島町大開地３番地７
9270000,石川県,鳳珠郡穴水町,
9270001,石川県,鳳珠郡穴水町,樟谷
9270002,石川県,鳳珠郡穴水町,菅谷
9270003,石川県,鳳珠郡穴水町,伊久留
9270004,石川県,鳳珠郡穴水町,曽山
9270005,石川県,鳳珠郡穴水町,東中谷
9270006,石川県,鳳珠郡穴水町,旭ケ丘
9270007,石川県,鳳珠郡穴水町,岩車
9270008,石川県,鳳珠郡穴水町,川尻
9270009,石川県,鳳珠郡穴水町,比良
9270011,石川県,鳳珠郡穴水町,木原
9270012,石川県,鳳珠郡穴水町,藤巻
9270013,石川県,鳳珠郡穴水町,瑞鳳
9270014,石川県,鳳珠郡穴水町,梶
9270015,石川県,鳳珠郡穴水町,中居
9270016,石川県,鳳珠郡穴水町,中居南
9270017,石川県,鳳珠郡穴水町,波志借
9270021,石川県,鳳珠郡穴水町,七海
9270022,石川県,鳳珠郡穴水町,北七海
9270023,石川県,鳳珠郡穴水町,麦ケ浦
9270024,石川県,鳳珠郡穴水町,由比ケ丘
9270025,石川県,鳳珠郡穴水町,内浦
9270026,石川県,鳳珠郡穴水町,大町
9270027,石川県,鳳珠郡穴水町,川島
9270031,石川県,鳳珠郡穴水町,鵜島
9270032,石川県,鳳珠郡穴水町,乙ケ崎
9270033,石川県,鳳珠郡穴水町,緑ケ丘
9270034,石川県,鳳珠郡穴水町,新崎
9270035,石川県,鳳珠郡穴水町,志ケ浦
9270036,石川県,鳳珠郡穴水町,望洋台
9270037,石川県,鳳珠郡穴水町,根木
9270038,石川県,鳳珠郡穴水町,鹿島
9270039,石川県,鳳珠郡穴水町,曽福
9270041,石川県,鳳珠郡穴水町,天神谷
9270042,石川県,鳳珠郡穴水町,宇留地
9270043,石川県,鳳珠郡穴水町,越の原
9270044,石川県,鳳珠郡穴水町,鹿路
9270045,石川県,鳳珠郡穴水町,河内
9270046,石川県,鳳珠郡穴水町,汁谷
9270046,石川県,鳳珠郡穴水町,越渡
9270047,石川県,鳳珠郡穴水町,上中
9270048,石川県,鳳珠郡穴水町,大角間
9270049,石川県,鳳珠郡穴水町,桂谷
9270051,石川県,鳳珠郡穴水町,小又
9270052,石川県,鳳珠郡穴水町,平野
9270053,石川県,鳳珠郡穴水町,此木
9270054,石川県,鳳珠郡穴水町,上野
9270055,石川県,鳳珠郡穴水町,地蔵坊
9270056,石川県,鳳珠郡穴水町,上唐川
9270057,石川県,鳳珠郡穴水町,下唐川
9270058,石川県,鳳珠郡穴水町,挾石
9270201,石川県,鳳珠郡穴水町,竹太
9270202,石川県,鳳珠郡穴水町,古君
9270203,石川県,鳳珠郡穴水町,花園
9270204,石川県,鳳珠郡穴水町,明千寺
9270205,石川県,鳳珠郡穴水町,宇加川
9270206,石川県,鳳珠郡穴水町,前波
9270207,石川県,鳳珠郡穴水町,沖波
9270211,石川県,鳳珠郡穴水町,甲
9270212,石川県,鳳珠郡穴水町,黒崎
9270213,石川県,鳳珠郡穴水町,至誠
9270214,石川県,鳳珠郡穴水町,小甲
9270215,石川県,鳳珠郡穴水町,大甲
9270221,石川県,鳳珠郡穴水町,曽良
9270222,石川県,鳳珠郡穴水町,大郷
9270223,石川県,鳳珠郡穴水町,鹿波
9270224,石川県,鳳珠郡穴水町,鹿上
9270225,石川県,鳳珠郡穴水町,野並
9270231,石川県,鳳珠郡穴水町,山中
9270232,石川県,鳳珠郡穴水町,東山
9270233,石川県,鳳珠郡穴水町,女良川
9270234,石川県,鳳珠郡穴水町,小又
9270235,石川県,鳳珠郡穴水町,市ノ坂
9270292,石川県,鳳珠郡穴水町,字鹿波５４字３１−７
9270293,石川県,鳳珠郡穴水町,字甲レ２５６−１
9270301,石川県,鳳珠郡能登町,七見
9270302,石川県,鳳珠郡能登町,鵜川
9270303,石川県,鳳珠郡能登町,小垣
9270304,石川県,鳳珠郡能登町,柿生
9270305,石川県,鳳珠郡能登町,武連
9270311,石川県,鳳珠郡能登町,瑞穂
9270312,石川県,鳳珠郡能登町,本木
9270313,石川県,鳳珠郡能登町,木住
9270314,石川県,鳳珠郡能登町,山田
9270315,石川県,鳳珠郡能登町,豊ケ丘
9270321,石川県,鳳珠郡能登町,爼倉
9270322,石川県,鳳珠郡能登町,宮地
9270323,石川県,鳳珠郡能登町,鮭尾
9270324,石川県,鳳珠郡能登町,柏木
9270325,石川県,鳳珠郡能登町,太田原
9270400,石川県,鳳珠郡能登町,
9270431,石川県,鳳珠郡能登町,宇出津山分
9270432,石川県,鳳珠郡能登町,宇出津新
9270433,石川県,鳳珠郡能登町,宇出津
9270434,石川県,鳳珠郡能登町,崎山
9270435,石川県,鳳珠郡能登町,宇出津新港
9270441,石川県,鳳珠郡能登町,藤波
9270442,石川県,鳳珠郡能登町,波並
9270443,石川県,鳳珠郡能登町,矢波
9270444,石川県,鳳珠郡能登町,猪平
9270451,石川県,鳳珠郡能登町,藤ノ瀬
9270452,石川県,鳳珠郡能登町,宇加塚
9270453,石川県,鳳珠郡能登町,鶴町
9270454,石川県,鳳珠郡能登町,曽又
9270492,石川県,鳳珠郡能登町,字宇出津新１字１９７−１（能都郵便局私書箱第６号）
9270493,石川県,鳳珠郡能登町,字宇出津ム字４５−１（能都郵便局私書箱第２号）
9270495,石川県,鳳珠郡能登町,字宇出津タ字９７
9270551,石川県,鳳珠郡能登町,明野
9270552,石川県,鳳珠郡能登町,越坂
9270553,石川県,鳳珠郡能登町,小木
9270554,石川県,鳳珠郡能登町,市之瀬
9270555,石川県,鳳珠郡能登町,羽生
9270561,石川県,鳳珠郡能登町,羽生
9270562,石川県,鳳珠郡能登町,真脇
9270563,石川県,鳳珠郡能登町,姫
9270564,石川県,鳳珠郡能登町,小浦
9270565,石川県,鳳珠郡能登町,羽根
9270601,石川県,鳳珠郡能登町,恋路
9270602,石川県,鳳珠郡能登町,明生
9270602,石川県,鳳珠郡能登町,松波
9270603,石川県,鳳珠郡能登町,布浦
9270604,石川県,鳳珠郡能登町,九里川尻
9270605,石川県,鳳珠郡能登町,立壁
9270606,石川県,鳳珠郡能登町,四方山
9270607,石川県,鳳珠郡能登町,白丸
9270608,石川県,鳳珠郡能登町,内浦長尾
9270609,石川県,鳳珠郡能登町,新保
9270611,石川県,鳳珠郡能登町,清真
9270612,石川県,鳳珠郡能登町,秋吉
9270613,石川県,鳳珠郡能登町,河ケ谷
9270614,石川県,鳳珠郡能登町,山中
9270614,石川県,鳳珠郡能登町,満泉寺
9270615,石川県,鳳珠郡能登町,宮犬
9270621,石川県,鳳珠郡能登町,上
9270622,石川県,鳳珠郡能登町,不動寺
9270623,石川県,鳳珠郡能登町,行延
9270624,石川県,鳳珠郡能登町,時長
9270625,石川県,鳳珠郡能登町,国重
9270626,石川県,鳳珠郡能登町,泉
9270626,石川県,鳳珠郡能登町,田代
9270626,石川県,鳳珠郡能登町,駒渡
9270627,石川県,鳳珠郡能登町,滝之坊
9270627,石川県,鳳珠郡能登町,福光
9270695,石川県,鳳珠郡能登町,字松波１３字７５（松波郵便局私書箱第１号）
9271200,石川県,珠洲市,
9271201,石川県,珠洲市,正院町岡田
9271202,石川県,珠洲市,正院町飯塚
9271203,石川県,珠洲市,正院町平床
9271204,石川県,珠洲市,蛸島町
9271205,石川県,珠洲市,正院町川尻
9271206,石川県,珠洲市,正院町正院
9271207,石川県,珠洲市,正院町小路
9271211,石川県,珠洲市,岩坂町
9271212,石川県,珠洲市,熊谷町
9271213,石川県,珠洲市,野々江町
9271214,石川県,珠洲市,飯田町
9271215,石川県,珠洲市,上戸町北方
9271216,石川県,珠洲市,上戸町寺社
9271217,石川県,珠洲市,上戸町南方
9271221,石川県,珠洲市,宝立町春日野
9271221,石川県,珠洲市,宝立町金峰寺
9271222,石川県,珠洲市,宝立町鵜飼
9271223,石川県,珠洲市,宝立町鵜島
9271224,石川県,珠洲市,宝立町南黒丸
9271225,石川県,珠洲市,宝立町宗玄
9271226,石川県,珠洲市,宝立町馬渡
9271227,石川県,珠洲市,宝立町二艘丹
9271227,石川県,珠洲市,宝立町大町泥木
9271228,石川県,珠洲市,宝立町柏原
9271228,石川県,珠洲市,宝立町黒峰
9271231,石川県,珠洲市,若山町鈴内
9271232,石川県,珠洲市,若山町広栗
9271233,石川県,珠洲市,若山町出田
9271234,石川県,珠洲市,若山町経念
9271235,石川県,珠洲市,若山町中田
9271235,石川県,珠洲市,若山町向
9271236,石川県,珠洲市,若山町中
9271237,石川県,珠洲市,若山町大坊
9271237,石川県,珠洲市,若山町宇都山
9271238,石川県,珠洲市,若山町延武
9271238,石川県,珠洲市,若山町火宮
9271239,石川県,珠洲市,若山町古蔵
9271295,石川県,珠洲市,上戸町北方１−６−２（珠洲郵便局私書箱第５号）
9271297,石川県,珠洲市,上戸町北方い４６番３
9271301,石川県,珠洲市,高屋町
9271302,石川県,珠洲市,笹波町
9271303,石川県,珠洲市,石神町
9271304,石川県,珠洲市,馬緤町
9271311,石川県,珠洲市,若山町上正力
9271312,石川県,珠洲市,若山町二子
9271313,石川県,珠洲市,若山町宗末
9271314,石川県,珠洲市,若山町上黒丸
9271315,石川県,珠洲市,若山町南山
9271315,石川県,珠洲市,若山町白滝
9271316,石川県,珠洲市,若山町洲巻
9271317,石川県,珠洲市,若山町上山
9271318,石川県,珠洲市,若山町北山
9271319,石川県,珠洲市,若山町吉ケ池
9271321,石川県,珠洲市,大谷町
9271322,石川県,珠洲市,長橋町
9271323,石川県,珠洲市,片岩町
9271324,石川県,珠洲市,清水町
9271325,石川県,珠洲市,仁江町
9271326,石川県,珠洲市,真浦町
9271441,石川県,珠洲市,狼煙町
9271442,石川県,珠洲市,狼煙新町
9271443,石川県,珠洲市,東山中町
9271444,石川県,珠洲市,唐笠町八ケ山
9271445,石川県,珠洲市,唐笠町
9271446,石川県,珠洲市,折戸町
9271447,石川県,珠洲市,川浦町
9271451,石川県,珠洲市,三崎町寺家
9271452,石川県,珠洲市,三崎町粟津
9271453,石川県,珠洲市,三崎町森腰
9271454,石川県,珠洲市,三崎町宇治
9271455,石川県,珠洲市,三崎町引砂
9271456,石川県,珠洲市,三崎町高波
9271457,石川県,珠洲市,三崎町大屋
9271461,石川県,珠洲市,三崎町伏見
9271462,石川県,珠洲市,三崎町小泊
9271463,石川県,珠洲市,三崎町雲津
9271464,石川県,珠洲市,三崎町細屋
9271465,石川県,珠洲市,三崎町二本松
9271466,石川県,珠洲市,三崎町杉山
9271467,石川県,珠洲市,三崎町本
9271468,石川県,珠洲市,三崎町内方
9272101,石川県,輪島市,門前町西円山
9272102,石川県,輪島市,門前町八幡
9272102,石川県,輪島市,門前町浦上
9272103,石川県,輪島市,門前町宮古場
9272104,石川県,輪島市,門前町山辺
9272105,石川県,輪島市,門前町田村
9272106,石川県,輪島市,門前町浅生田
9272107,石川県,輪島市,門前町安代原
9272108,石川県,輪島市,門前町中野屋
9272111,石川県,輪島市,門前町滝上
9272112,石川県,輪島市,門前町四位
9272113,石川県,輪島市,門前町俊兼
9272113,石川県,輪島市,門前町嶺
9272114,石川県,輪島市,門前町谷口
9272115,石川県,輪島市,門前町本内
9272121,石川県,輪島市,門前町貝吹
9272122,石川県,輪島市,門前町原
9272123,石川県,輪島市,門前町荒屋
9272124,石川県,輪島市,門前町東大町
9272125,石川県,輪島市,門前町別所
9272126,石川県,輪島市,門前町能納屋
9272127,石川県,輪島市,門前町二又川
9272131,石川県,輪島市,門前町平
9272132,石川県,輪島市,門前町長井坂
9272133,石川県,輪島市,門前町定広
9272134,石川県,輪島市,門前町地原
9272135,石川県,輪島市,門前町百成
9272136,石川県,輪島市,門前町鑓川
9272137,石川県,輪島市,門前町内保
9272138,石川県,輪島市,門前町堀腰
9272141,石川県,輪島市,門前町小石
9272142,石川県,輪島市,門前町上河内
9272143,石川県,輪島市,門前町風原
9272144,石川県,輪島市,門前町猿橋
9272145,石川県,輪島市,門前町小滝
9272146,石川県,輪島市,門前町西中尾
9272147,石川県,輪島市,門前町鬼屋
9272151,石川県,輪島市,門前町走出
9272152,石川県,輪島市,門前町広瀬
9272153,石川県,輪島市,門前町深田
9272154,石川県,輪島市,門前町栃木
9272155,石川県,輪島市,門前町日野尾
9272156,石川県,輪島市,門前町門前
9272161,石川県,輪島市,門前町六郎木
9272162,石川県,輪島市,門前町勝田
9272163,石川県,輪島市,門前町大生
9272164,石川県,輪島市,門前町道下
9272165,石川県,輪島市,門前町黒島町
9272166,石川県,輪島市,門前町鹿磯
9272167,石川県,輪島市,門前町深見
9272171,石川県,輪島市,門前町本市
9272172,石川県,輪島市,門前町高根尾
9272173,石川県,輪島市,門前町舘
9272174,石川県,輪島市,門前町広岡
9272175,石川県,輪島市,門前町清水
9272176,石川県,輪島市,門前町和田
9272192,石川県,輪島市,門前町走出６−６９
9272193,石川県,輪島市,門前町広岡５−３
9272271,石川県,輪島市,門前町皆月
9272272,石川県,輪島市,門前町樽見
9272273,石川県,輪島市,門前町暮坂
9272274,石川県,輪島市,門前町井守上坂
9272275,石川県,輪島市,門前町薄野
9272276,石川県,輪島市,門前町百成大角間
9272277,石川県,輪島市,門前町餅田
9272281,石川県,輪島市,門前町鵜山
9272282,石川県,輪島市,門前町大滝
9272283,石川県,輪島市,門前町中谷内
9272284,石川県,輪島市,門前町矢徳
9272285,石川県,輪島市,門前町吉浦
9272286,石川県,輪島市,門前町五十洲
9272301,石川県,輪島市,門前町二又
9272302,石川県,輪島市,門前町山是清
9272303,石川県,輪島市,門前町江崎
9272304,石川県,輪島市,門前町白禿
9272305,石川県,輪島市,門前町大切
9272311,石川県,輪島市,門前町切狭
9272312,石川県,輪島市,門前町西中谷
9272313,石川県,輪島市,門前町清沢
9272314,石川県,輪島市,門前町飯川谷
9272321,石川県,輪島市,門前町久川
9272322,石川県,輪島市,門前町窕
9272323,石川県,輪島市,門前町神明原
9272324,石川県,輪島市,門前町馬渡
9272325,石川県,輪島市,門前町滝町
9272331,石川県,輪島市,門前町渡瀬
9272332,石川県,輪島市,門前町木原月
9272333,石川県,輪島市,門前町館分
9272333,石川県,輪島市,門前町馬場
9272334,石川県,輪島市,門前町上代
9272335,石川県,輪島市,門前町黒岩
9272336,石川県,輪島市,門前町入山
9272341,石川県,輪島市,門前町大釜
9272342,石川県,輪島市,門前町剱地
9272343,石川県,輪島市,門前町大泊
9272344,石川県,輪島市,門前町腰細
9272345,石川県,輪島市,門前町赤神
9272351,石川県,輪島市,門前町千代
9272352,石川県,輪島市,門前町北川
9272353,石川県,輪島市,門前町是清
9272354,石川県,輪島市,門前町池田
9272355,石川県,輪島市,門前町藤浜
9272361,石川県,輪島市,門前町小山
9272362,石川県,輪島市,門前町椎木
9272363,石川県,輪島市,門前町新町分
9272364,石川県,輪島市,門前町鍛治屋
9272365,石川県,輪島市,門前町南
9272366,石川県,輪島市,門前町中田
9278601,石川県,鳳珠郡穴水町,字川島ラ−１７４（穴水郵便局私書箱第３号）
9280000,石川県,輪島市,
9280001,石川県,輪島市,河井町
9280002,石川県,輪島市,久手川町
9280003,石川県,輪島市,塚田町
9280004,石川県,輪島市,稲舟町
9280005,石川県,輪島市,大野町
9280006,石川県,輪島市,惣領町
9280007,石川県,輪島市,深見町
9280008,石川県,輪島市,マリンタウン
9280011,石川県,輪島市,杉平町
9280012,石川県,輪島市,横地町
9280013,石川県,輪島市,石休場町
9280014,石川県,輪島市,山ノ上町
9280015,石川県,輪島市,市ノ瀬町
9280016,石川県,輪島市,熊野町
9280021,石川県,輪島市,二ツ屋町
9280022,石川県,輪島市,宅田町
9280023,石川県,輪島市,気勝平町
9280024,石川県,輪島市,山岸町
9280025,石川県,輪島市,東中尾町
9280026,石川県,輪島市,西脇町
9280027,石川県,輪島市,北谷町
9280028,石川県,輪島市,打越町
9280031,石川県,輪島市,二勢町
9280032,石川県,輪島市,小伊勢町
9280033,石川県,輪島市,稲屋町
9280034,石川県,輪島市,長井町
9280035,石川県,輪島市,別所谷町
9280036,石川県,輪島市,滝又町
9280037,石川県,輪島市,空熊町
9280041,石川県,輪島市,中段町
9280042,石川県,輪島市,山本町
9280043,石川県,輪島市,房田町
9280044,石川県,輪島市,下黒川町
9280045,石川県,輪島市,上黒川町
9280046,石川県,輪島市,二俣町
9280047,石川県,輪島市,繩又町
9280051,石川県,輪島市,小池町
9280052,石川県,輪島市,下山町
9280053,石川県,輪島市,赤崎町
9280054,石川県,輪島市,大沢町
9280055,石川県,輪島市,上大沢町
9280056,石川県,輪島市,西二又町
9280057,石川県,輪島市,上山町
9280061,石川県,輪島市,新橋通
9280062,石川県,輪島市,南町
9280062,石川県,輪島市,堀町
9280063,石川県,輪島市,水守町
9280064,石川県,輪島市,釜屋谷町
9280065,石川県,輪島市,鵜入町
9280066,石川県,輪島市,美谷町
9280067,石川県,輪島市,光浦町
9280068,石川県,輪島市,平成町
9280071,石川県,輪島市,輪島崎町
9280072,石川県,輪島市,海士町
9280072,石川県,輪島市,海士町
9280073,石川県,輪島市,鳳至町
9280073,石川県,輪島市,鳳至町
9280074,石川県,輪島市,鳳至町
9280075,石川県,輪島市,鳳至町
9280076,石川県,輪島市,鳳至町
9280077,石川県,輪島市,鳳至町
9280077,石川県,輪島市,鳳至町
9280078,石川県,輪島市,鳳至町
9280079,石川県,輪島市,鳳至町
9280201,石川県,輪島市,町野町広江
9280202,石川県,輪島市,町野町寺地
9280203,石川県,輪島市,町野町敷戸
9280204,石川県,輪島市,町野町南時国
9280205,石川県,輪島市,町野町西時国
9280206,石川県,輪島市,町野町曽々木
9280211,石川県,輪島市,町野町牛尾
9280212,石川県,輪島市,町野町寺山
9280213,石川県,輪島市,町野町舞谷
9280214,石川県,輪島市,町野町佐野
9280215,石川県,輪島市,町野町粟蔵
9280216,石川県,輪島市,町野町桶戸
9280217,石川県,輪島市,町野町井面
9280218,石川県,輪島市,町野町鈴屋
9280221,石川県,輪島市,町野町真久
9280222,石川県,輪島市,町野町東
9280223,石川県,輪島市,町野町北円山
9280224,石川県,輪島市,町野町麦生野
9280225,石川県,輪島市,町野町徳成谷内
9280226,石川県,輪島市,町野町徳成
9280231,石川県,輪島市,町野町大川
9280232,石川県,輪島市,町野町伏戸
9280233,石川県,輪島市,町野町東大野
9280234,石川県,輪島市,町野町真喜野
9280235,石川県,輪島市,町野町川西
9280236,石川県,輪島市,町野町金蔵
9280241,石川県,輪島市,渋田町
9280242,石川県,輪島市,東印内町
9280243,石川県,輪島市,西山町
9280244,石川県,輪島市,西院内町
9280245,石川県,輪島市,東山町
9280246,石川県,輪島市,里町
9280251,石川県,輪島市,小田屋町
9280252,石川県,輪島市,忍町
9280253,石川県,輪島市,尊利地町
9280254,石川県,輪島市,名舟町
9280255,石川県,輪島市,野田町
9280256,石川県,輪島市,白米町
9280301,石川県,鳳珠郡能登町,上長尾
9280302,石川県,鳳珠郡能登町,小間生
9280303,石川県,鳳珠郡能登町,桐畑
9280304,石川県,鳳珠郡能登町,鈴ケ嶺
9280305,石川県,鳳珠郡能登町,久田
9280306,石川県,鳳珠郡能登町,石井
9280307,石川県,鳳珠郡能登町,国光
9280308,石川県,鳳珠郡能登町,鴨川
9280311,石川県,鳳珠郡能登町,合鹿
9280312,石川県,鳳珠郡能登町,上町
9280313,石川県,鳳珠郡能登町,天坂
9280314,石川県,鳳珠郡能登町,笹川
9280321,石川県,鳳珠郡能登町,十郎原
9280322,石川県,鳳珠郡能登町,寺分
9280323,石川県,鳳珠郡能登町,五郎左エ門分
9280324,石川県,鳳珠郡能登町,中斉
9280325,石川県,鳳珠郡能登町,神和住
9280326,石川県,鳳珠郡能登町,斉和
9280331,石川県,鳳珠郡能登町,柳田
9280332,石川県,鳳珠郡能登町,五十里
9280333,石川県,鳳珠郡能登町,黒川
9280334,石川県,鳳珠郡能登町,当目
9280335,石川県,鳳珠郡能登町,大箱
9280336,石川県,鳳珠郡能登町,北河内
9280392,石川県,鳳珠郡能登町,字柳田仁部５４
9280393,石川県,鳳珠郡能登町,字上町８字３９３
9280395,石川県,鳳珠郡能登町,字五郎左エ門分藤１７
9288501,石川県,輪島市,河井町１５部９０−１６
9288502,石川県,輪島市,河井町１０部２９−７
9288525,石川県,輪島市,二ツ屋町２字２９
9288541,石川県,輪島市,河井町１５部４９−２
9288541,石川県,輪島市,河井町１５部４９−２
9288585,石川県,輪島市,山岸町は１番１地
9288609,石川県,輪島市,鳳至町畠田９９−３
9290101,石川県,能美市,赤井町
9290102,石川県,能美市,西任田町
9290103,石川県,能美市,五間堂町
9290104,石川県,能美市,中庄町
9290105,石川県,能美市,中ノ江町
9290106,石川県,能美市,西二口町
9290107,石川県,能美市,福岡町
9290108,石川県,能美市,能美
9290111,石川県,能美市,吉原町
9290112,石川県,能美市,福島町
9290113,石川県,能美市,大成町
9290114,石川県,能美市,浜開発町
9290115,石川県,能美市,下ノ江町
9290116,石川県,能美市,根上町
9290116,石川県,能美市,高坂町
9290121,石川県,能美市,吉原釜屋町
9290122,石川県,能美市,大浜町
9290123,石川県,能美市,中町
9290124,石川県,能美市,浜町
9290125,石川県,能美市,道林町
9290126,石川県,能美市,山口町
9290192,石川県,能美市,中町子８８番地
9290193,石川県,能美市,赤井町は８６
9290198,石川県,能美市,大浜町ヤ２５番地
9290201,石川県,白山市,鹿島町
9290202,石川県,白山市,西米光町
9290203,石川県,白山市,若草町
9290204,石川県,白山市,平加町
9290205,石川県,白山市,蓮池町
9290206,石川県,白山市,鹿島平
9290211,石川県,白山市,井関町
9290212,石川県,白山市,手取町
9290213,石川県,白山市,末正町
9290214,石川県,白山市,長屋町
9290215,石川県,白山市,美川南町
9290216,石川県,白山市,美川本吉町
9290217,石川県,白山市,湊町
9290221,石川県,白山市,美川今町
9290222,石川県,白山市,美川新町
9290223,石川県,白山市,美川北町
9290224,石川県,白山市,美川中町
9290231,石川県,白山市,美川和波町
9290232,石川県,白山市,美川末広町
9290233,石川県,白山市,美川浜町
9290234,石川県,白山市,美川神幸町
9290235,石川県,白山市,美川永代町
9290292,石川県,白山市,美川浜町ヨ１０３
9290296,石川県,白山市,湊町ソ６４−２
9290300,石川県,河北郡津幡町,
9290301,石川県,河北郡津幡町,瓜生
9290302,石川県,河北郡津幡町,木ノ窪
9290303,石川県,河北郡津幡町,牛首
9290304,石川県,河北郡津幡町,上河合
9290305,石川県,河北郡津幡町,下河合
9290306,石川県,河北郡津幡町,興津
9290307,石川県,河北郡津幡町,平野
9290307,石川県,河北郡津幡町,種
9290308,石川県,河北郡津幡町,菩提寺
9290309,石川県,河北郡津幡町,上大田
9290311,石川県,河北郡津幡町,池ケ原
9290312,石川県,河北郡津幡町,小熊
9290313,石川県,河北郡津幡町,中山
9290314,石川県,河北郡津幡町,上矢田
9290315,石川県,河北郡津幡町,下矢田
9290316,石川県,河北郡津幡町,御門
9290317,石川県,河北郡津幡町,谷内
9290318,石川県,河北郡津幡町,領家
9290319,石川県,河北郡津幡町,能瀬
9290321,石川県,河北郡津幡町,加茂
9290322,石川県,河北郡津幡町,緑が丘
9290323,石川県,河北郡津幡町,津幡
9290324,石川県,河北郡津幡町,浅田
9290325,石川県,河北郡津幡町,加賀爪
9290326,石川県,河北郡津幡町,清水
9290327,石川県,河北郡津幡町,庄
9290328,石川県,河北郡津幡町,湖東
9290328,石川県,河北郡津幡町,舟橋
9290331,石川県,河北郡津幡町,中橋
9290332,石川県,河北郡津幡町,中須加
9290333,石川県,河北郡津幡町,五反田
9290334,石川県,河北郡津幡町,川尻
9290335,石川県,河北郡津幡町,井上の荘
9290341,石川県,河北郡津幡町,横浜
9290342,石川県,河北郡津幡町,北中条
9290343,石川県,河北郡津幡町,南中条
9290344,石川県,河北郡津幡町,浅谷
9290345,石川県,河北郡津幡町,太田
9290346,石川県,河北郡津幡町,潟端
9290392,石川県,河北郡津幡町,字北中条タ−１
9290393,石川県,河北郡津幡町,字加賀爪ニ−３（津幡郵便局私書箱第１号）
9290401,石川県,河北郡津幡町,彦太郎畠
9290402,石川県,河北郡津幡町,笠池ケ原
9290403,石川県,河北郡津幡町,莇谷
9290404,石川県,河北郡津幡町,大畠
9290405,石川県,河北郡津幡町,上野
9290406,石川県,河北郡津幡町,籠月
9290407,石川県,河北郡津幡町,鳥屋尾
9290411,石川県,河北郡津幡町,河内
9290412,石川県,河北郡津幡町,九折
9290413,石川県,河北郡津幡町,倶利伽羅
9290414,石川県,河北郡津幡町,山森
9290415,石川県,河北郡津幡町,越中坂
9290416,石川県,河北郡津幡町,刈安
9290417,石川県,河北郡津幡町,坂戸
9290421,石川県,河北郡津幡町,原
9290422,石川県,河北郡津幡町,上藤又
9290423,石川県,河北郡津幡町,下中
9290424,石川県,河北郡津幡町,下藤又
9290425,石川県,河北郡津幡町,七野
9290426,石川県,河北郡津幡町,竹橋
9290427,石川県,河北郡津幡町,富田
9290431,石川県,河北郡津幡町,大窪
9290432,石川県,河北郡津幡町,北横根
9290433,石川県,河北郡津幡町,南横根
9290434,石川県,河北郡津幡町,常徳
9290434,石川県,河北郡津幡町,舟尾
9290435,石川県,河北郡津幡町,材木
9290436,石川県,河北郡津幡町,朝日畑
9290437,石川県,河北郡津幡町,相窪
9290441,石川県,河北郡津幡町,東荒屋
9290442,石川県,河北郡津幡町,大坪
9290443,石川県,河北郡津幡町,別所
9290444,石川県,河北郡津幡町,仮生
9290445,石川県,河北郡津幡町,井野河内
9290446,石川県,河北郡津幡町,明神
9290447,石川県,河北郡津幡町,旭山
9290451,石川県,河北郡津幡町,宮田
9290452,石川県,河北郡津幡町,田屋
9290453,石川県,河北郡津幡町,岩崎
9290454,石川県,河北郡津幡町,杉瀬
9290455,石川県,河北郡津幡町,倉見
9290456,石川県,河北郡津幡町,七黒
9290461,石川県,河北郡津幡町,八ノ谷
9290462,石川県,河北郡津幡町,市谷
9290463,石川県,河北郡津幡町,蓮花寺
9290464,石川県,河北郡津幡町,山北
9290465,石川県,河北郡津幡町,鳥越
9290466,石川県,河北郡津幡町,吉倉
9290467,石川県,河北郡津幡町,大熊
9290492,石川県,河北郡津幡町,字倶利伽羅リ２
9290493,石川県,河北郡津幡町,字旭山１
9290494,石川県,河北郡津幡町,字東荒屋ヌ４８−４
9290495,石川県,河北郡津幡町,字竹橋ヨ１０５（倶利伽羅郵便局私書箱第１号）
9291100,石川県,かほく市,
9291101,石川県,かほく市,余地
9291102,石川県,かほく市,上田名
9291103,石川県,かほく市,谷
9291104,石川県,かほく市,笠島
9291105,石川県,かほく市,横山
9291111,石川県,かほく市,気屋
9291112,石川県,かほく市,多田
9291113,石川県,かほく市,指江
9291114,石川県,かほく市,狩鹿野
9291115,石川県,かほく市,上山田
9291116,石川県,かほく市,下山田
9291117,石川県,かほく市,鉢伏
9291121,石川県,かほく市,宇気
9291122,石川県,かほく市,七窪
9291123,石川県,かほく市,森
9291125,石川県,かほく市,宇野気
9291126,石川県,かほく市,内日角
9291127,石川県,かほく市,大崎
9291171,石川県,かほく市,木津
9291172,石川県,かほく市,松浜
9291173,石川県,かほく市,遠塚
9291174,石川県,かほく市,浜北
9291175,石川県,かほく市,秋浜
9291176,石川県,かほく市,外日角
9291177,石川県,かほく市,白尾
9291192,石川県,かほく市,宇野気ヌ９８−２
9291193,石川県,かほく市,浜北ハ６−１
9291195,石川県,かほく市,宇野気ニ８１
9291196,石川県,かほく市,笠島ト１−１
9291198,石川県,かほく市,内日角タ２５番
9291201,石川県,かほく市,野寺
9291202,石川県,かほく市,八野
9291203,石川県,かほく市,黒川
9291204,石川県,かほく市,箕打
9291205,石川県,かほく市,若緑
9291206,石川県,かほく市,元女
9291207,石川県,かほく市,夏栗
9291208,石川県,かほく市,瀬戸町
9291210,石川県,かほく市,学園台
9291211,石川県,かほく市,二ツ屋
9291212,石川県,かほく市,中沼
9291213,石川県,かほく市,長柄町
9291214,石川県,かほく市,内高松
9291215,石川県,かほく市,高松
9291287,石川県,かほく市,高松シ１−１
9291292,石川県,かほく市,高松ウ１−１
9291293,石川県,かほく市,内高松ヤ３６
9291300,石川県,羽咋郡宝達志水町,
9291301,石川県,羽咋郡宝達志水町,宝達
9291302,石川県,羽咋郡宝達志水町,山崎
9291303,石川県,羽咋郡宝達志水町,河原
9291304,石川県,羽咋郡宝達志水町,南吉田
9291305,石川県,羽咋郡宝達志水町,竹生野
9291311,石川県,羽咋郡宝達志水町,門前
9291312,石川県,羽咋郡宝達志水町,上田
9291313,石川県,羽咋郡宝達志水町,東間
9291314,石川県,羽咋郡宝達志水町,紺屋町
9291315,石川県,羽咋郡宝達志水町,東野
9291316,石川県,羽咋郡宝達志水町,中野
9291321,石川県,羽咋郡宝達志水町,上田出
9291322,石川県,羽咋郡宝達志水町,三日町
9291323,石川県,羽咋郡宝達志水町,御舘
9291324,石川県,羽咋郡宝達志水町,正友
9291325,石川県,羽咋郡宝達志水町,坪山
9291326,石川県,羽咋郡宝達志水町,冬野
9291327,石川県,羽咋郡宝達志水町,森本
9291331,石川県,羽咋郡宝達志水町,米出
9291332,石川県,羽咋郡宝達志水町,北川尻
9291333,石川県,羽咋郡宝達志水町,免田
9291341,石川県,羽咋郡宝達志水町,宿
9291342,石川県,羽咋郡宝達志水町,麦生
9291343,石川県,羽咋郡宝達志水町,小川
9291344,石川県,羽咋郡宝達志水町,今浜
9291345,石川県,羽咋郡宝達志水町,今浜新
9291392,石川県,羽咋郡宝達志水町,小川ハ２５０
9291393,石川県,羽咋郡宝達志水町,米出ワ−１
9291394,石川県,羽咋郡宝達志水町,今浜ト８０
9291395,石川県,羽咋郡宝達志水町,宿２甲３６−１
9291396,石川県,羽咋郡宝達志水町,宿４４３−１０７
9291397,石川県,羽咋郡宝達志水町,小川４−１
9291401,石川県,羽咋郡宝達志水町,向瀬
9291402,石川県,羽咋郡宝達志水町,清水原
9291402,石川県,羽咋郡宝達志水町,見砂
9291402,石川県,羽咋郡宝達志水町,走入
9291403,石川県,羽咋郡宝達志水町,所司原
9291404,石川県,羽咋郡宝達志水町,原
9291404,石川県,羽咋郡宝達志水町,当熊
9291404,石川県,羽咋郡宝達志水町,新宮
9291405,石川県,羽咋郡宝達志水町,平床
9291405,石川県,羽咋郡宝達志水町,海老坂
9291405,石川県,羽咋郡宝達志水町,聖川
9291405,石川県,羽咋郡宝達志水町,針山
9291406,石川県,羽咋郡宝達志水町,下石
9291406,石川県,羽咋郡宝達志水町,散田
9291406,石川県,羽咋郡宝達志水町,石坂
9291411,石川県,羽咋郡宝達志水町,柳瀬
9291412,石川県,羽咋郡宝達志水町,荻島
9291413,石川県,羽咋郡宝達志水町,荻谷
9291414,石川県,羽咋郡宝達志水町,敷波
9291415,石川県,羽咋郡宝達志水町,敷浪
9291416,石川県,羽咋郡宝達志水町,出浜
9291421,石川県,羽咋郡宝達志水町,二口
9291422,石川県,羽咋郡宝達志水町,杉野屋
9291423,石川県,羽咋郡宝達志水町,菅原
9291424,石川県,羽咋郡宝達志水町,吉野屋
9291425,石川県,羽咋郡宝達志水町,子浦
9291426,石川県,羽咋郡宝達志水町,荻市
9291492,石川県,羽咋郡宝達志水町,子浦そ１８−１
9291493,石川県,羽咋郡宝達志水町,杉野屋ぬ１−１
9291494,石川県,羽咋郡宝達志水町,敷波１−１４
9291521,石川県,鹿島郡中能登町,金丸
9291571,石川県,羽咋市,下曽祢町
9291572,石川県,羽咋市,大町
9291573,石川県,羽咋市,四柳町
9291574,石川県,羽咋市,酒井町
9291575,石川県,羽咋市,金丸出町
9291576,石川県,羽咋市,鹿島路町
9291577,石川県,羽咋市,東潟町
9291601,石川県,鹿島郡中能登町,西馬場
9291602,石川県,鹿島郡中能登町,能登部上
9291603,石川県,鹿島郡中能登町,徳丸
9291604,石川県,鹿島郡中能登町,能登部下
9291605,石川県,鹿島郡中能登町,下後山
9291606,石川県,鹿島郡中能登町,上後山
9291631,石川県,鹿島郡中能登町,久江
9291632,石川県,鹿島郡中能登町,小田中
9291633,石川県,鹿島郡中能登町,藤井
9291634,石川県,鹿島郡中能登町,福田
9291635,石川県,鹿島郡中能登町,高畠
9291636,石川県,鹿島郡中能登町,小金森
9291637,石川県,鹿島郡中能登町,曽祢
9291692,石川県,鹿島郡中能登町,能登部下８５−１
9291700,石川県,鹿島郡中能登町,
9291701,石川県,鹿島郡中能登町,川田
9291702,石川県,鹿島郡中能登町,大槻
9291703,石川県,鹿島郡中能登町,春木
9291704,石川県,鹿島郡中能登町,末坂
9291705,石川県,鹿島郡中能登町,花見月
9291706,石川県,鹿島郡中能登町,瀬戸
9291711,石川県,鹿島郡中能登町,廿九日
9291712,石川県,鹿島郡中能登町,新庄
9291713,石川県,鹿島郡中能登町,今羽坂
9291714,石川県,鹿島郡中能登町,羽坂
9291715,石川県,鹿島郡中能登町,一青
9291716,石川県,鹿島郡中能登町,黒氏
9291717,石川県,鹿島郡中能登町,良川
9291721,石川県,鹿島郡中能登町,井田
9291722,石川県,鹿島郡中能登町,小竹
9291723,石川県,鹿島郡中能登町,水白
9291724,石川県,鹿島郡中能登町,尾崎
9291725,石川県,鹿島郡中能登町,東馬場
9291726,石川県,鹿島郡中能登町,最勝講
9291792,石川県,鹿島郡中能登町,末坂９−４６
9291801,石川県,鹿島郡中能登町,久乃木
9291802,石川県,鹿島郡中能登町,武部
9291803,石川県,鹿島郡中能登町,西
9291804,石川県,鹿島郡中能登町,在江
9291805,石川県,鹿島郡中能登町,坪川
9291811,石川県,鹿島郡中能登町,二宮
9291812,石川県,鹿島郡中能登町,石動山
9291813,石川県,鹿島郡中能登町,蟻ケ原
9291814,石川県,鹿島郡中能登町,原山
9291815,石川県,鹿島郡中能登町,芹川
9291816,石川県,鹿島郡中能登町,浅井
9291817,石川県,鹿島郡中能登町,徳前
9291818,石川県,鹿島郡中能登町,二宮あおば台
9291892,石川県,鹿島郡中能登町,井田４部１−１（鹿島郵便局私書箱第２号）
9292101,石川県,七尾市,川尻町
9292102,石川県,七尾市,舟尾町
9292103,石川県,七尾市,東山町
9292104,石川県,七尾市,垣吉町
9292105,石川県,七尾市,新屋町
9292111,石川県,七尾市,高田町
9292112,石川県,七尾市,杉森町
9292113,石川県,七尾市,西下町
9292114,石川県,七尾市,伊久留町
9292115,石川県,七尾市,七原町
9292116,石川県,七尾市,吉田町
9292121,石川県,七尾市,田鶴浜町
9292122,石川県,七尾市,上野ケ丘町
9292123,石川県,七尾市,三引町
9292124,石川県,七尾市,白浜町
9292125,石川県,七尾市,深見町
9292126,石川県,七尾市,大津町
9292192,石川県,七尾市,田鶴浜町り部６
9292195,石川県,七尾市,上野ケ丘町５９
9292201,石川県,七尾市,中島町河内
9292202,石川県,七尾市,中島町別所
9292203,石川県,七尾市,中島町北免田
9292204,石川県,七尾市,中島町上畠
9292205,石川県,七尾市,中島町町屋
9292206,石川県,七尾市,中島町鳥越
9292207,石川県,七尾市,中島町大平
9292208,石川県,七尾市,中島町古江
9292209,石川県,七尾市,中島町西谷内
9292211,石川県,七尾市,中島町横見
9292212,石川県,七尾市,中島町田岸
9292213,石川県,七尾市,中島町外
9292214,石川県,七尾市,中島町小牧
9292215,石川県,七尾市,中島町深浦
9292216,石川県,七尾市,中島町長浦
9292217,石川県,七尾市,中島町鹿島台
9292218,石川県,七尾市,中島町瀬嵐
9292221,石川県,七尾市,中島町谷内
9292222,石川県,七尾市,中島町中島
9292223,石川県,七尾市,中島町上町
9292224,石川県,七尾市,中島町山戸田
9292225,石川県,七尾市,中島町宮前
9292226,石川県,七尾市,中島町横田
9292227,石川県,七尾市,中島町藤瀬
9292231,石川県,七尾市,中島町奥吉田
9292232,石川県,七尾市,中島町筆染
9292233,石川県,七尾市,中島町笠師
9292234,石川県,七尾市,中島町塩津
9292241,石川県,七尾市,中島町浜田
9292242,石川県,七尾市,中島町崎山
9292243,石川県,七尾市,中島町河崎
9292244,石川県,七尾市,中島町豊田町
9292245,石川県,七尾市,中島町豊田
9292246,石川県,七尾市,中島町土川
9292247,石川県,七尾市,中島町外原
9292292,石川県,七尾市,中島町中島甲１７０
9292361,石川県,輪島市,三井町与呂見
9292362,石川県,輪島市,三井町中
9292363,石川県,輪島市,三井町興徳寺
9292364,石川県,輪島市,大和町
9292365,石川県,輪島市,三井町渡合
9292366,石川県,輪島市,三井町本江
9292367,石川県,輪島市,三井町仁行
9292371,石川県,輪島市,三井町三洲穂
9292372,石川県,輪島市,三井町洲衛
9292373,石川県,輪島市,三井町市ノ坂
9292374,石川県,輪島市,三井町内屋
9292375,石川県,輪島市,三井町細屋
9292376,石川県,輪島市,三井町新保
9292377,石川県,輪島市,三井町漆原
9292378,石川県,輪島市,三井町小泉
9292379,石川県,輪島市,三井町長沢
9292392,石川県,輪島市,三井町洲衛１０部１１−１
9390171,石川県,羽咋郡宝達志水町,沢川
